2,org.apache.activemq.ActiveMQMessageConsumer, org.apache.activemq.advisory.ConsumerEventSource, 
2,org.apache.activemq.ActiveMQMessageProducerSupport, org.apache.activemq.camel.CamelMessageProducer, 
2,org.apache.activemq.jms.pool.PooledConnectionFactory, org.apache.activemq.pool.PooledConnectionFactoryBean, 
2,org.apache.activemq.jms.pool.JcaConnectionPool, org.apache.activemq.pool.JcaPooledConnectionFactory, 
2,org.apache.activemq.jms.pool.GenericResourceManager, org.apache.activemq.pool.ActiveMQResourceManager, 
2,org.apache.activemq.wireformat.ObjectStreamWireFormat, org.apache.activemq.util.ClassLoadingAwareObjectInputStream, 
2,org.apache.activemq.broker.SuppressReplyException, org.apache.activemq.store.jdbc.JDBCIOExceptionHandler, 
2,org.apache.activemq.store.PersistenceAdapterFactoryBean, org.apache.activemq.store.journal.JournalPersistenceAdapterFactory, 
2,org.apache.activemq.store.jdbc.TransactionContext, org.apache.activemq.store.jdbc.adapter.BlobJDBCAdapter, 
2,org.apache.activemq.console.command.StoreExportCommand, org.apache.activemq.console.command.store.amq.CommandLineSupport, 
2,org.apache.activemq.leveldb.LevelDBStoreFactory, org.apache.activemq.store.PersistenceAdapterFactory, 
2,org.apache.activemq.util.InetAddressUtil, org.apache.activemq.broker.PublishedAddressPolicy, 
2,org.apache.activemq.CustomDestination, org.apache.activemq.camel.CamelDestination, 
2,org.apache.activemq.broker.UserIDBroker, org.apache.activemq.jaas.UserPrincipal, 
2,org.apache.activemq.broker.jmx.NetworkDestinationView, org.apache.activemq.management.TimeStatisticImpl, 
2,org.apache.activemq.broker.region.policy.SlowConsumerEntry, org.apache.activemq.broker.jmx.AbortSlowConsumerStrategyView, 
2,org.apache.activemq.util.LinkedNode, org.apache.activemq.broker.region.cursors.PendingNode, 
2,org.apache.activemq.transport.WriteTimeoutFilter, org.apache.activemq.transport.tcp.TimeStampStream, 
2,org.apache.activemq.transport.LogWriter, org.apache.activemq.transport.logwriters.DefaultLogWriter, 
2,org.apache.activemq.transport.udp.DatagramEndpoint, org.apache.activemq.command.BaseEndpoint, 
2,org.apache.activemq.transport.stomp.StompCodec, org.apache.activemq.util.DataByteArrayInputStream, 
2,org.apache.activemq.security.JaasAuthenticationBroker, org.apache.activemq.jaas.JassCredentialCallbackHandler, 
2,org.apache.activemq.security.JaasCertificateAuthenticationBroker, org.apache.activemq.jaas.JaasCertificateCallbackHandler, 
2,org.apache.activemq.ActiveMQMessageAuditNoSync, org.apache.activemq.util.BitArrayBin, 
3,org.apache.activemq.transport.FutureResponse, org.apache.activemq.transport.TransportDisposedIOException, org.apache.activemq.transport.vm.VMTransport, 
3,org.apache.activemq.transport.ResponseCallback, org.apache.activemq.transport.DefaultTransportListener, org.apache.activemq.transport.failover.FailoverTransport, 
3,org.apache.activemq.util.ByteSequence, org.apache.activemq.util.MarshallingSupport, org.apache.activemq.command.ActiveMQStreamMessage, 
3,org.apache.activemq.store.SharedFileLocker, org.apache.activemq.store.jdbc.AbstractJDBCLocker, org.apache.activemq.broker.AbstractLocker, 
3,org.apache.activemq.store.jdbc.DefaultDatabaseLocker, org.apache.activemq.store.jdbc.adapter.TransactDatabaseLocker, org.apache.activemq.util.Handler, 
3,org.apache.activemq.leveldb.LevelDBStoreViewMBean, org.apache.activemq.broker.jmx.MBeanInfo, org.apache.activemq.leveldb.replicated.ReplicatedLevelDBStoreViewMBean, 
3,org.apache.activemq.leveldb.replicated.MasterElector, org.apache.activemq.leveldb.replicated.groups.ChangeListener, org.apache.activemq.leveldb.replicated.groups.ClusteredSingleton, 
3,org.apache.activemq.broker.BrokerPluginSupport, org.apache.activemq.broker.ConsumerBrokerExchange, org.apache.activemq.broker.util.DestinationPathSeparatorBroker, 
3,org.apache.activemq.broker.region.group.CachedMessageGroupMap, org.apache.activemq.memory.LRUMap, org.apache.activemq.broker.region.group.MessageGroupHashBucket, 
3,org.apache.activemq.camel.CamelConnectionFactory, org.apache.activemq.spring.ActiveMQConnectionFactory, org.apache.activemq.camel.component.ActiveMQConfiguration, 
3,org.apache.activemq.camel.component.CamelEndpointLoader, org.apache.activemq.advisory.DestinationEvent, org.apache.activemq.advisory.DestinationListener, 
4,org.apache.activemq.EnhancedConnection, org.apache.activemq.pool.PooledConnection, org.apache.activemq.advisory.DestinationSource, org.apache.activemq.camel.component.ActiveMQComponent, 
4,org.apache.activemq.advisory.AdvisorySupport, org.apache.activemq.command.ActiveMQTempDestination, org.apache.activemq.DestinationDoesNotExistException, org.apache.activemq.network.DemandForwardingBridgeSupport, 
4,org.apache.activemq.management.JMSConsumerStatsImpl, org.apache.activemq.management.JMSProducerStatsImpl, org.apache.activemq.util.IndentPrinter, org.apache.activemq.management.JMSEndpointStatsImpl, 
4,org.apache.activemq.store.leveldb.ReplicatedLevelDBPersistenceAdapter, org.apache.activemq.leveldb.replicated.ElectingLevelDBStore, org.apache.activemq.leveldb.replicated.groups.ZooKeeperGroup, org.apache.activemq.leveldb.replicated.groups.ZKClient, 
4,org.apache.activemq.ActiveMQXAConnection, org.apache.activemq.management.JMSStatsImpl, org.apache.activemq.ActiveMQXAConnectionFactory, org.apache.activemq.camel.CamelConnection, 
4,org.apache.activemq.memory.list.DestinationBasedMessageList, org.apache.activemq.memory.buffer.OrderBasedMessageBuffer, org.apache.activemq.memory.buffer.MessageQueue, org.apache.activemq.memory.buffer.MessageBuffer, 
5,org.apache.activemq.leveldb.XaAckRecord, org.apache.activemq.leveldb.XaAckRecord$, org.apache.activemq.AdvisoryConsumer, org.apache.activemq.command.MessageAck, org.apache.activemq.transport.stomp.StompQueueBrowserSubscription, 
5,org.apache.activemq.leveldb.replicated.TransportHandler, org.apache.activemq.leveldb.util.JsonCodec$, org.apache.activemq.leveldb.replicated.LevelDBNodeState, org.apache.activemq.leveldb.replicated.groups.NodeState$class, org.apache.activemq.leveldb.replicated.groups.NodeState, 
6,org.apache.activemq.store.kahadb.scheduler.JobImpl, org.apache.activemq.store.kahadb.scheduler.JobSchedulerImpl, org.apache.activemq.broker.jmx.JobSchedulerView, org.apache.activemq.broker.scheduler.JobSupport, org.apache.activemq.broker.scheduler.Job, org.apache.activemq.broker.scheduler.JobScheduler, 
6,org.apache.activemq.transport.discovery.DiscoveryListener, org.apache.activemq.transport.discovery.multicast.MulticastDiscoveryAgent, org.apache.activemq.transport.discovery.simple.SimpleDiscoveryAgent, org.apache.activemq.transport.discovery.masterslave.MasterSlaveDiscoveryAgent, org.apache.activemq.transport.discovery.zeroconf.ZeroconfDiscoveryAgent, org.apache.activemq.util.MapHelper, 
7,org.apache.activemq.filter.XalanXPathEvaluator, org.apache.activemq.filter.JAXPXPathEvaluator, org.apache.activemq.store.jdbc.adapter.StreamJDBCAdapter, org.apache.activemq.util.ByteArrayInputStream, org.apache.activemq.transport.amqp.AmqpWireFormat, org.apache.activemq.transport.stomp.StompWireFormat, org.apache.activemq.transport.mqtt.MQTTWireFormat, 
7,org.apache.activemq.jms.pool.ConnectionPool, org.apache.activemq.jms.pool.PooledSession, org.apache.activemq.jms.pool.SessionKey, org.apache.activemq.jms.pool.XaConnectionPool, org.apache.activemq.pool.XaPooledConnectionFactory, org.apache.activemq.jndi.JNDIStorableInterface, org.apache.activemq.jndi.JNDIReferenceFactory, 
7,org.apache.activemq.broker.jmx.AnnotatedMBean, org.apache.activemq.broker.util.JMXAuditLogEntry, org.apache.activemq.broker.util.AuditLogService, org.apache.activemq.broker.util.AuditLogEntry, org.apache.activemq.util.JMXSupport, org.apache.activemq.util.LogWriterFinder, org.apache.activemq.transport.TransportLoggerView, 
7,org.apache.activemq.console.command.store.proto.QueueEntryPB, org.apache.activemq.console.command.store.proto.MessagePB, org.apache.activemq.console.command.store.proto.QueuePB, org.apache.activemq.console.command.store.ExportStreamManager, org.apache.activemq.console.command.store.proto.MapEntryPB, org.apache.activemq.console.command.store.tar.TarEntry, org.apache.activemq.console.command.store.tar.TarOutputStream, 
7,org.apache.activemq.selector.SelectorParser, org.apache.activemq.filter.ConstantExpression, org.apache.activemq.filter.ArithmeticExpression, org.apache.activemq.filter.LogicExpression, org.apache.activemq.filter.UnaryExpression, org.apache.activemq.filter.Expression, org.apache.activemq.filter.ComparisonExpression, 
7,org.apache.activemq.broker.region.ConnectorStatistics, org.apache.activemq.broker.region.ConnectionStatistics, org.apache.activemq.broker.region.DestinationStatistics, org.apache.activemq.management.StatisticImpl, org.apache.activemq.management.PollCountStatisticImpl, org.apache.activemq.management.CountStatisticImpl, org.apache.activemq.management.SizeStatisticImpl, 
8,org.apache.activemq.ActiveMQMessageProducer, org.apache.activemq.console.filter.AmqMessagesQueryFilter, org.apache.activemq.console.command.AbstractAmqCommand, org.apache.activemq.ActiveMQConnectionFactory, org.apache.activemq.management.StatsImpl, org.apache.activemq.management.StatsCapable, org.apache.activemq.jndi.JNDIBaseStorable, org.apache.activemq.jndi.ActiveMQInitialContextFactory, 
8,org.apache.activemq.filter.function.BuiltinFunctionRegistry, org.apache.activemq.filter.function.FilterFunction, org.apache.activemq.filter.function.replaceFunction, org.apache.activemq.filter.function.splitFunction, org.apache.activemq.filter.function.inListFunction, org.apache.activemq.filter.function.makeListFunction, org.apache.activemq.filter.function.regexMatchFunction, org.apache.activemq.filter.FunctionCallExpression, 
8,org.apache.activemq.transport.SecureSocketConnectorFactory, org.apache.activemq.transport.https.Krb5AndCertsSslSocketConnector, org.apache.activemq.transport.WebTransportServerSupport, org.apache.activemq.transport.SocketConnectorFactory, org.apache.activemq.transport.https.HttpsTransportServer, org.apache.activemq.transport.http.HttpTransportServer, org.apache.activemq.transport.wss.WSSTransportServer, org.apache.activemq.transport.ws.WSTransportServer, 
9,org.apache.activemq.ActiveMQSession, org.apache.activemq.management.JMSSessionStatsImpl, org.apache.activemq.blob.BlobTransferPolicy, org.apache.activemq.camel.CamelTopicSubscriber, org.apache.activemq.camel.CamelMessageConsumer, org.apache.activemq.camel.CamelTopicPublisher, org.apache.activemq.camel.CamelQueueSender, org.apache.activemq.camel.CamelQueue, org.apache.activemq.camel.CamelQueueReceiver, 
9,org.apache.activemq.leveldb.LevelDBStore$, org.apache.activemq.leveldb.util.Log$class, org.apache.activemq.leveldb.util.Log, org.apache.activemq.leveldb.RecordLog$, org.apache.activemq.leveldb.replicated.MasterLevelDBStore$, org.apache.activemq.leveldb.replicated.SlaveLevelDBStore$, org.apache.activemq.leveldb.replicated.ElectingLevelDBStore$, org.apache.activemq.leveldb.replicated.MasterElector$, org.apache.activemq.leveldb.replicated.MasterLevelDBClient$, 
10,org.apache.activemq.broker.region.policy.PolicyMap, org.apache.activemq.filter.DestinationMap, org.apache.activemq.broker.region.policy.RedeliveryPolicyMap, org.apache.activemq.RedeliveryPolicy, org.apache.activemq.filter.DestinationMapEntry, org.apache.activemq.security.SimpleAuthorizationMap, org.apache.activemq.security.SimpleCachedLDAPAuthorizationMap, org.apache.activemq.security.AuthorizationEntry, org.apache.activemq.security.DefaultAuthorizationMap, org.apache.activemq.security.XBeanAuthorizationMap, 
11,org.apache.activemq.openwire.v6.BaseCommandMarshaller, org.apache.activemq.openwire.v1.BaseCommandMarshaller, org.apache.activemq.openwire.v8.BaseCommandMarshaller, org.apache.activemq.openwire.v9.BaseCommandMarshaller, org.apache.activemq.openwire.v7.BaseCommandMarshaller, org.apache.activemq.openwire.v2.BaseCommandMarshaller, org.apache.activemq.openwire.v5.BaseCommandMarshaller, org.apache.activemq.openwire.v4.BaseCommandMarshaller, org.apache.activemq.openwire.v3.BaseCommandMarshaller, org.apache.activemq.openwire.v10.BaseCommandMarshaller, org.apache.activemq.command.BaseCommand, 
11,org.apache.activemq.openwire.v6.MarshallerFactory, org.apache.activemq.openwire.v1.MarshallerFactory, org.apache.activemq.openwire.v8.MarshallerFactory, org.apache.activemq.openwire.v9.MarshallerFactory, org.apache.activemq.openwire.v7.MarshallerFactory, org.apache.activemq.openwire.v2.MarshallerFactory, org.apache.activemq.openwire.v5.MarshallerFactory, org.apache.activemq.openwire.v4.MarshallerFactory, org.apache.activemq.openwire.v3.MarshallerFactory, org.apache.activemq.openwire.v10.MarshallerFactory, org.apache.activemq.openwire.DataStreamMarshaller, 
11,org.apache.activemq.blob.BlobUploader, org.apache.activemq.blob.FileSystemBlobStrategy, org.apache.activemq.blob.FTPBlobUploadStrategy, org.apache.activemq.blob.DefaultBlobUploadStrategy, org.apache.activemq.blob.BlobUploadStrategy, org.apache.activemq.blob.BlobDownloadStrategy, org.apache.activemq.blob.DefaultBlobDownloadStrategy, org.apache.activemq.blob.DefaultStrategy, org.apache.activemq.blob.FTPBlobDownloadStrategy, org.apache.activemq.BlobMessage, org.apache.activemq.command.ActiveMQBlobMessage, 
13,org.apache.activemq.broker.BrokerPlugin, org.apache.activemq.broker.view.ConnectionDotFilePlugin, org.apache.activemq.broker.view.DestinationDotFilePlugin, org.apache.activemq.security.AuthorizationPlugin, org.apache.activemq.jaas.GroupPrincipal, org.apache.activemq.security.SimpleAuthenticationPlugin, org.apache.activemq.security.JaasAuthenticationPlugin, org.apache.activemq.security.LDAPAuthorizationMap, org.apache.activemq.jaas.LDAPLoginModule, org.apache.activemq.plugin.SubQueueSelectorCacheBrokerPlugin, org.apache.activemq.plugin.StatisticsBrokerPlugin, org.apache.activemq.plugin.ForcePersistencyModeBrokerPlugin, org.apache.activemq.plugin.DiscardingDLQBrokerPlugin, 
14,org.apache.activemq.store.jdbc.adapter.OracleBlobJDBCAdapter, org.apache.activemq.store.jdbc.adapter.ImageBasedJDBCAdaptor, org.apache.activemq.store.jdbc.adapter.TransactJDBCAdapter, org.apache.activemq.store.jdbc.adapter.HsqldbJDBCAdapter, org.apache.activemq.store.jdbc.adapter.InformixJDBCAdapter, org.apache.activemq.store.jdbc.adapter.DB2JDBCAdapter, org.apache.activemq.store.jdbc.adapter.OracleJDBCAdapter, org.apache.activemq.store.jdbc.adapter.MaxDBJDBCAdapter, org.apache.activemq.store.jdbc.adapter.PostgresqlJDBCAdapter, org.apache.activemq.store.jdbc.adapter.MySqlJDBCAdapter, org.apache.activemq.store.jdbc.adapter.SybaseJDBCAdapter, org.apache.activemq.store.jdbc.adapter.AxionJDBCAdapter, org.apache.activemq.util.GenerateJDBCStatements, org.apache.activemq.store.jdbc.Statements, 
14,org.apache.activemq.util.IntSequenceGenerator, org.apache.activemq.transport.TransportThreadSupport, org.apache.activemq.transport.reliable.Replayer, org.apache.activemq.transport.udp.UdpTransport, org.apache.activemq.transport.reliable.ReplayBuffer, org.apache.activemq.transport.multicast.MulticastTransport, org.apache.activemq.transport.udp.DatagramHeaderMarshaller, org.apache.activemq.transport.udp.CommandDatagramSocket, org.apache.activemq.transport.udp.CommandChannel, org.apache.activemq.transport.multicast.MulticastDatagramHeaderMarshaller, org.apache.activemq.command.Endpoint, org.apache.activemq.transport.udp.CommandDatagramChannel, org.apache.activemq.transport.udp.CommandChannelSupport, org.apache.activemq.transport.http.HttpTransportSupport, 
16,org.apache.activemq.protobuf.WireFormat, org.apache.activemq.protobuf.compiler.ParserSupport, org.apache.activemq.protobuf.compiler.parser.ParseException, org.apache.activemq.protobuf.compiler.parser.Token, org.apache.activemq.protobuf.compiler.ExtensionsDescriptor, org.apache.activemq.protobuf.compiler.AltJavaGenerator, org.apache.activemq.protobuf.compiler.parser.ProtoParser, org.apache.activemq.protobuf.compiler.EnumDescriptor, org.apache.activemq.protobuf.compiler.ServiceDescriptor, org.apache.activemq.protobuf.compiler.MethodDescriptor, org.apache.activemq.protobuf.compiler.ProtoDescriptor, org.apache.activemq.protobuf.compiler.OptionDescriptor, org.apache.activemq.protobuf.compiler.FieldDescriptor, org.apache.activemq.protobuf.compiler.MessageDescriptor, org.apache.activemq.protobuf.compiler.EnumFieldDescriptor, org.apache.activemq.protobuf.compiler.JavaGenerator, 
17,org.apache.activemq.protobuf.BaseMessage, org.apache.activemq.store.kahadb.data.KahaLocalTransactionIdBase, org.apache.activemq.store.kahadb.data.KahaAddMessageCommandBase, org.apache.activemq.store.kahadb.data.KahaRollbackCommandBase, org.apache.activemq.store.kahadb.data.KahaAckMessageFileMapCommandBase, org.apache.activemq.store.kahadb.data.KahaCommitCommandBase, org.apache.activemq.store.kahadb.data.KahaUpdateMessageCommandBase, org.apache.activemq.store.kahadb.data.KahaLocationBase, org.apache.activemq.store.kahadb.data.KahaRemoveDestinationCommandBase, org.apache.activemq.store.kahadb.data.KahaTraceCommandBase, org.apache.activemq.store.kahadb.data.KahaPrepareCommandBase, org.apache.activemq.store.kahadb.data.KahaDestinationBase, org.apache.activemq.store.kahadb.data.KahaXATransactionIdBase, org.apache.activemq.store.kahadb.data.KahaTransactionInfoBase, org.apache.activemq.store.kahadb.data.KahaSubscriptionCommandBase, org.apache.activemq.store.kahadb.data.KahaRemoveMessageCommandBase, org.apache.activemq.store.kahadb.data.KahaProducerAuditCommandBase, 
25,org.apache.activemq.ConfigurationException, org.apache.activemq.broker.BrokerService, org.apache.activemq.broker.jmx.HealthViewMBean, org.apache.activemq.broker.jmx.JobSchedulerViewMBean, org.apache.activemq.broker.jmx.HealthView, org.apache.activemq.broker.jmx.JmsConnectorView, org.apache.activemq.broker.jmx.NetworkConnectorViewMBean, org.apache.activemq.broker.jmx.NetworkConnectorView, org.apache.activemq.broker.jmx.ConnectorViewMBean, org.apache.activemq.broker.jmx.ConnectorView, org.apache.activemq.util.TimeUtils, org.apache.activemq.network.ConnectionFilter, org.apache.activemq.broker.scheduler.JobSchedulerStore, org.apache.activemq.network.jms.JmsConnector, org.apache.activemq.broker.BrokerRegistry, org.apache.activemq.broker.Connector, org.apache.activemq.network.MBeanNetworkListener, org.apache.activemq.broker.jmx.NetworkBridgeView, org.apache.activemq.network.NetworkBridge, org.apache.activemq.broker.view.MessageBrokerViewRegistry, org.apache.activemq.transport.http.HttpSpringEmbeddedTunnelServlet, org.apache.activemq.xbean.BrokerFactoryBean, org.apache.activemq.xbean.XBeanBrokerService, org.apache.activemq.xbean.PooledBrokerFactoryBean, org.apache.activemq.network.MBeanBridgeDestination, 
25,org.apache.activemq.leveldb.RecordLog, org.apache.activemq.leveldb.util.FileSupport$, org.apache.activemq.leveldb.util.TimeMetric, org.apache.activemq.leveldb.record.CollectionRecord, org.apache.activemq.leveldb.LevelDBClient$, org.apache.activemq.leveldb.record.EntryKey, org.apache.activemq.leveldb.record.EntryRecord, org.apache.activemq.leveldb.record.CollectionKey, org.apache.activemq.leveldb.LevelDBClient, org.apache.activemq.leveldb.util.LongCounter, org.apache.activemq.leveldb.replicated.ReplicationSupport$, org.apache.activemq.leveldb.replicated.ReplicatedLevelDBStoreTrait$, org.apache.activemq.leveldb.util.FileSupport, org.apache.activemq.leveldb.replicated.MasterLevelDBStore, org.apache.activemq.leveldb.replicated.dto.LogWrite, org.apache.activemq.leveldb.replicated.dto.SyncResponse, org.apache.activemq.leveldb.replicated.dto.WalAck, org.apache.activemq.leveldb.replicated.dto.Transfer, org.apache.activemq.leveldb.replicated.dto.Login, org.apache.activemq.leveldb.replicated.dto.LogDelete, org.apache.activemq.leveldb.replicated.SlaveLevelDBStore, org.apache.activemq.leveldb.replicated.ReplicatedLevelDBStoreTrait$class, org.apache.activemq.leveldb.replicated.MasterLevelDBClient, org.apache.activemq.leveldb.replicated.dto.FileInfo, org.apache.activemq.leveldb.util.ProcessSupport, 
25,org.apache.activemq.console.CommandContext, org.apache.activemq.console.formatter.OutputFormatter, org.apache.activemq.console.ActiveMQLauncher, org.apache.activemq.console.command.ShutdownCommand, org.apache.activemq.console.command.Command, org.apache.activemq.console.formatter.CommandShellOutputFormatter, org.apache.activemq.console.util.JmxMBeansUtil, org.apache.activemq.console.filter.GroupPropertiesViewFilter, org.apache.activemq.console.filter.WildcardToMsgSelectorTransformFilter, org.apache.activemq.console.filter.MessagesQueryFilter, org.apache.activemq.console.filter.PropertiesViewFilter, org.apache.activemq.console.filter.QueryFilter, org.apache.activemq.console.filter.StubQueryFilter, org.apache.activemq.console.filter.MBeansAttributeQueryFilter, org.apache.activemq.console.filter.MBeansObjectNameQueryFilter, org.apache.activemq.console.util.AmqMessagesUtil, org.apache.activemq.console.command.BrowseCommand, org.apache.activemq.console.command.ListCommand, org.apache.activemq.console.command.ShellCommand, org.apache.activemq.console.command.AbstractCommand, org.apache.activemq.console.command.QueryCommand, org.apache.activemq.console.command.DstatCommand, org.apache.activemq.console.command.PurgeCommand, org.apache.activemq.broker.jmx.QueueViewMBean, org.apache.activemq.broker.jmx.TopicViewMBean, 
28,org.apache.activemq.protobuf.Message, org.apache.activemq.protobuf.InvalidProtocolBufferException, org.apache.activemq.protobuf.CodedInputStream, org.apache.activemq.protobuf.CodedOutputStream, org.apache.activemq.protobuf.UTF8Buffer, org.apache.activemq.protobuf.UninitializedMessageException, org.apache.activemq.protobuf.Buffer, org.apache.activemq.protobuf.compiler.TextFormat, org.apache.activemq.store.kahadb.Visitor, org.apache.activemq.store.kahadb.data.KahaUpdateMessageCommand, org.apache.activemq.store.kahadb.data.KahaAckMessageFileMapCommand, org.apache.activemq.store.kahadb.data.KahaProducerAuditCommand, org.apache.activemq.store.kahadb.data.KahaSubscriptionCommand, org.apache.activemq.store.kahadb.data.KahaRemoveDestinationCommand, org.apache.activemq.store.kahadb.data.KahaAddMessageCommand, org.apache.activemq.store.kahadb.data.KahaCommitCommand, org.apache.activemq.store.kahadb.data.KahaPrepareCommand, org.apache.activemq.store.kahadb.data.KahaRemoveMessageCommand, org.apache.activemq.store.kahadb.data.KahaRollbackCommand, org.apache.activemq.store.kahadb.data.KahaTraceCommand, org.apache.activemq.store.kahadb.data.KahaDestination, org.apache.activemq.store.kahadb.data.KahaLocation, org.apache.activemq.store.kahadb.data.KahaTransactionInfo, org.apache.activemq.store.kahadb.JournalCommand, org.apache.activemq.store.kahadb.data.KahaEntryType, org.apache.activemq.store.kahadb.data.KahaXATransactionId, org.apache.activemq.store.kahadb.data.KahaLocalTransactionId, org.apache.activemq.store.kahadb.TransactionIdConversion, 
37,org.apache.activemq.store.kahadb.TempMessageDatabase, org.apache.activemq.store.kahadb.disk.util.VariableMarshaller, org.apache.activemq.store.kahadb.disk.util.LongMarshaller, org.apache.activemq.store.kahadb.disk.page.Page, org.apache.activemq.store.kahadb.disk.util.Marshaller, org.apache.activemq.store.kahadb.disk.util.StringMarshaller, org.apache.activemq.store.kahadb.disk.page.Transaction, org.apache.activemq.store.kahadb.disk.page.PageFile, org.apache.activemq.store.kahadb.disk.index.BTreeIndex, org.apache.activemq.store.kahadb.disk.journal.Location, org.apache.activemq.store.kahadb.MessageDatabase, org.apache.activemq.store.kahadb.disk.util.LocationMarshaller, org.apache.activemq.store.kahadb.disk.index.ListIndex, org.apache.activemq.store.kahadb.disk.util.Sequence, org.apache.activemq.store.kahadb.disk.journal.DataFile, org.apache.activemq.store.kahadb.disk.util.SequenceSet, org.apache.activemq.store.kahadb.disk.index.BTreeVisitor, org.apache.activemq.store.kahadb.disk.journal.Journal, org.apache.activemq.store.kahadb.plist.PListImpl, org.apache.activemq.store.kahadb.plist.PListStoreImpl, org.apache.activemq.store.kahadb.scheduler.JobSchedulerStoreImpl, org.apache.activemq.store.kahadb.disk.util.IntegerMarshaller, org.apache.activemq.store.kahadb.scheduler.JobLocation, org.apache.activemq.store.kahadb.disk.journal.DataFileAppender, org.apache.activemq.store.kahadb.disk.util.LinkedNodeList, org.apache.activemq.store.kahadb.disk.util.DataByteArrayOutputStream, org.apache.activemq.store.kahadb.disk.journal.CallerBufferingDataFileAppender, org.apache.activemq.store.kahadb.disk.util.LinkedNode, org.apache.activemq.store.kahadb.disk.util.SchedulerTimerTask, org.apache.activemq.store.kahadb.disk.index.Index, org.apache.activemq.store.kahadb.disk.index.HashBin, org.apache.activemq.store.kahadb.disk.index.BTreeNode, org.apache.activemq.store.kahadb.disk.index.HashIndex, org.apache.activemq.store.kahadb.disk.index.ListNode, org.apache.activemq.util.IOHelper, org.apache.activemq.util.RecoverableRandomAccessFile, org.apache.activemq.util.LFUCache, 
66,org.apache.activemq.command.ActiveMQMapMessage, org.apache.activemq.openwire.v6.ActiveMQBytesMessageMarshaller, org.apache.activemq.openwire.v6.ActiveMQMapMessageMarshaller, org.apache.activemq.openwire.v6.ActiveMQMessageMarshaller, org.apache.activemq.openwire.v6.ActiveMQObjectMessageMarshaller, org.apache.activemq.openwire.v6.ActiveMQTextMessageMarshaller, org.apache.activemq.openwire.v1.ActiveMQBytesMessageMarshaller, org.apache.activemq.openwire.v1.ActiveMQMapMessageMarshaller, org.apache.activemq.openwire.v1.ActiveMQMessageMarshaller, org.apache.activemq.openwire.v1.ActiveMQObjectMessageMarshaller, org.apache.activemq.openwire.v1.ActiveMQTextMessageMarshaller, org.apache.activemq.openwire.v8.ActiveMQBytesMessageMarshaller, org.apache.activemq.openwire.v8.ActiveMQMapMessageMarshaller, org.apache.activemq.openwire.v8.ActiveMQMessageMarshaller, org.apache.activemq.openwire.v8.ActiveMQObjectMessageMarshaller, org.apache.activemq.openwire.v8.ActiveMQTextMessageMarshaller, org.apache.activemq.openwire.v9.ActiveMQBytesMessageMarshaller, org.apache.activemq.openwire.v9.ActiveMQMapMessageMarshaller, org.apache.activemq.openwire.v9.ActiveMQMessageMarshaller, org.apache.activemq.openwire.v9.ActiveMQObjectMessageMarshaller, org.apache.activemq.openwire.v9.ActiveMQTextMessageMarshaller, org.apache.activemq.openwire.v7.ActiveMQBytesMessageMarshaller, org.apache.activemq.openwire.v7.ActiveMQMapMessageMarshaller, org.apache.activemq.openwire.v7.ActiveMQMessageMarshaller, org.apache.activemq.openwire.v7.ActiveMQObjectMessageMarshaller, org.apache.activemq.openwire.v7.ActiveMQTextMessageMarshaller, org.apache.activemq.openwire.v2.ActiveMQBytesMessageMarshaller, org.apache.activemq.openwire.v2.ActiveMQMapMessageMarshaller, org.apache.activemq.openwire.v2.ActiveMQMessageMarshaller, org.apache.activemq.openwire.v2.ActiveMQObjectMessageMarshaller, org.apache.activemq.openwire.v2.ActiveMQTextMessageMarshaller, org.apache.activemq.openwire.v5.ActiveMQBytesMessageMarshaller, org.apache.activemq.openwire.v5.ActiveMQMapMessageMarshaller, org.apache.activemq.openwire.v5.ActiveMQMessageMarshaller, org.apache.activemq.openwire.v5.ActiveMQObjectMessageMarshaller, org.apache.activemq.openwire.v5.ActiveMQTextMessageMarshaller, org.apache.activemq.openwire.v4.ActiveMQBytesMessageMarshaller, org.apache.activemq.openwire.v4.ActiveMQMapMessageMarshaller, org.apache.activemq.openwire.v4.ActiveMQMessageMarshaller, org.apache.activemq.openwire.v4.ActiveMQObjectMessageMarshaller, org.apache.activemq.openwire.v4.ActiveMQTextMessageMarshaller, org.apache.activemq.openwire.v3.ActiveMQBytesMessageMarshaller, org.apache.activemq.openwire.v3.ActiveMQMapMessageMarshaller, org.apache.activemq.openwire.v3.ActiveMQMessageMarshaller, org.apache.activemq.openwire.v3.ActiveMQObjectMessageMarshaller, org.apache.activemq.openwire.v3.ActiveMQTextMessageMarshaller, org.apache.activemq.openwire.v10.ActiveMQBytesMessageMarshaller, org.apache.activemq.openwire.v10.ActiveMQMapMessageMarshaller, org.apache.activemq.openwire.v10.ActiveMQObjectMessageMarshaller, org.apache.activemq.openwire.v10.ActiveMQTextMessageMarshaller, org.apache.activemq.console.filter.MapTransformFilter, org.apache.activemq.broker.jmx.OpenTypeSupport, org.apache.activemq.ActiveMQOutputStream, org.apache.activemq.command.ActiveMQBytesMessage, org.apache.activemq.command.ActiveMQMessage, org.apache.activemq.util.JMSExceptionSupport, org.apache.activemq.util.ByteArrayOutputStream, org.apache.activemq.transport.amqp.ActiveMQJMSVendor, org.apache.activemq.ActiveMQInputStream, org.apache.activemq.transport.stomp.JmsFrameTranslator, org.apache.activemq.transport.stomp.StompSubscription, org.apache.activemq.transport.stomp.LegacyFrameTranslator, org.apache.activemq.ActiveMQMessageTransformation, org.apache.activemq.camel.converter.ActiveMQMessageConverter, org.apache.activemq.command.ActiveMQTextMessage, org.apache.activemq.command.ActiveMQObjectMessage, 
167,org.apache.activemq.TransportLoggerSupport, org.apache.activemq.util.ServiceSupport, org.apache.activemq.util.ServiceStopper, org.apache.activemq.spring.SpringSslContext, org.apache.activemq.store.kahadb.disk.util.CommandLineSupport, org.apache.activemq.store.jdbc.DatabaseLocker, org.apache.activemq.store.jdbc.LeaseDatabaseLocker, org.apache.activemq.console.command.StartCommand, org.apache.activemq.transport.Transport, org.apache.activemq.util.IOExceptionSupport, org.apache.activemq.broker.TransportStatusDetector, org.apache.activemq.broker.BrokerFactory, org.apache.activemq.util.IntrospectionSupport, org.apache.activemq.util.FactoryFinder, org.apache.activemq.broker.SslBrokerService, org.apache.activemq.transport.TransportFactorySupport, org.apache.activemq.transport.tcp.SslTransportFactory, org.apache.activemq.transport.TransportServer, org.apache.activemq.broker.BrokerContext, org.apache.activemq.transport.vm.VMTransportFactory, org.apache.activemq.network.DiscoveryNetworkConnector, org.apache.activemq.proxy.ProxyConnector, org.apache.activemq.network.NetworkConnector, org.apache.activemq.broker.jmx.ManagementContext, org.apache.activemq.broker.DefaultBrokerFactory, org.apache.activemq.broker.PropertiesBrokerFactory, org.apache.activemq.broker.BrokerFactoryHandler, org.apache.activemq.broker.BrokerServiceAware, org.apache.activemq.transport.ResponseCorrelator, org.apache.activemq.network.NetworkBridgeFactory, org.apache.activemq.util.URISupport, org.apache.activemq.network.DemandForwardingBridge, org.apache.activemq.broker.TransportConnector, org.apache.activemq.transport.discovery.DiscoveryAgentFactory, org.apache.activemq.transport.TransportAcceptListener, org.apache.activemq.broker.jmx.ManagedTransportConnector, org.apache.activemq.transport.discovery.DiscoveryAgent, org.apache.activemq.transport.TransportFactory, org.apache.activemq.openwire.OpenWireFormatFactory, org.apache.activemq.wireformat.WireFormatFactory, org.apache.activemq.wireformat.WireFormat, org.apache.activemq.transport.TransportListener, org.apache.activemq.broker.jmx.ProxyConnectorViewMBean, org.apache.activemq.broker.jmx.NetworkBridgeViewMBean, org.apache.activemq.broker.jmx.JmsConnectorViewMBean, org.apache.activemq.broker.jmx.ConnectionViewMBean, org.apache.activemq.ActiveMQSslConnectionFactory, org.apache.activemq.broker.SslContext, org.apache.activemq.broker.region.group.GroupFactoryFinder, org.apache.activemq.transport.InactivityIOException, org.apache.activemq.transport.CommandJoiner, org.apache.activemq.transport.AbstractInactivityMonitor, org.apache.activemq.thread.SchedulerTimerTask, org.apache.activemq.transport.MutexTransport, org.apache.activemq.transport.TransportLoggerFactorySPI, org.apache.activemq.transport.TransportSupport, org.apache.activemq.transport.WireFormatNegotiator, org.apache.activemq.transport.TransportFilter, org.apache.activemq.transport.MarshallingTransportFilter, org.apache.activemq.transport.TransportServerThreadSupport, org.apache.activemq.transport.CompositeTransport, org.apache.activemq.transport.InactivityMonitor, org.apache.activemq.transport.TransportLoggerFactory, org.apache.activemq.transport.TransportServerSupport, org.apache.activemq.transport.http.HttpTransportFactory, org.apache.activemq.transport.https.HttpsClientTransport, org.apache.activemq.transport.util.TextWireFormat, org.apache.activemq.transport.http.HttpClientTransport, org.apache.activemq.transport.https.HttpsTransportFactory, org.apache.activemq.transport.reliable.DefaultReplayStrategy, org.apache.activemq.transport.reliable.ReliableTransport, org.apache.activemq.openwire.CommandIdComparator, org.apache.activemq.transport.reliable.ReplayStrategy, org.apache.activemq.transport.multicast.MulticastTransportFactory, org.apache.activemq.transport.udp.UdpTransportFactory, org.apache.activemq.transport.tcp.TcpTransportFactory, org.apache.activemq.transport.udp.ResponseRedirectInterceptor, org.apache.activemq.transport.udp.ByteBufferPool, org.apache.activemq.transport.udp.UdpTransportServer, org.apache.activemq.transport.mock.MockTransportFactory, org.apache.activemq.transport.mock.MockTransport, org.apache.activemq.transport.discovery.DiscoveryTransportFactory, org.apache.activemq.transport.failover.FailoverTransportFactory, org.apache.activemq.transport.discovery.DiscoveryTransport, org.apache.activemq.util.Suspendable, org.apache.activemq.transport.discovery.multicast.MulticastDiscoveryAgentFactory, org.apache.activemq.transport.discovery.simple.SimpleDiscoveryAgentFactory, org.apache.activemq.transport.discovery.http.EmbeddedJettyServer, org.apache.activemq.transport.discovery.http.HTTPDiscoveryAgentFactory, org.apache.activemq.transport.discovery.http.HTTPDiscoveryAgent, org.apache.activemq.transport.discovery.masterslave.MasterSlaveDiscoveryAgentFactory, org.apache.activemq.transport.discovery.zeroconf.ZeroconfDiscoveryAgentFactory, org.apache.activemq.transport.fanout.FanoutTransportFactory, org.apache.activemq.transport.fanout.FanoutTransport, org.apache.activemq.transport.amqp.IAmqpProtocolConverter, org.apache.activemq.transport.amqp.AmqpNioTransportHelper, org.apache.activemq.transport.amqp.AmqpTransportFilter, org.apache.activemq.transport.tcp.SslTransport, org.apache.activemq.transport.amqp.AmqpNioSslTransport, org.apache.activemq.transport.nio.NIOSSLTransport, org.apache.activemq.transport.amqp.AMQPProtocolDiscriminator, org.apache.activemq.transport.amqp.AMQPSslTransportFactory, org.apache.activemq.transport.amqp.AmqpNioTransportFactory, org.apache.activemq.transport.tcp.TcpTransport, org.apache.activemq.transport.tcp.TcpTransportServer, org.apache.activemq.transport.nio.NIOTransportFactory, org.apache.activemq.transport.amqp.AmqpNioSslTransportFactory, org.apache.activemq.transport.amqp.AmqpTransport, org.apache.activemq.transport.amqp.AmqpNioTransport, org.apache.activemq.transport.nio.NIOOutputStream, org.apache.activemq.transport.nio.SelectorManager, org.apache.activemq.transport.nio.SelectorSelection, org.apache.activemq.transport.amqp.AmqpTransportFactory, org.apache.activemq.transport.amqp.AmqpWireFormatFactory, org.apache.activemq.transport.peer.PeerTransportFactory, org.apache.activemq.transport.wss.WSSTransportFactory, org.apache.activemq.transport.vm.VMTransportServer, org.apache.activemq.util.ServiceListener, org.apache.activemq.transport.tcp.SslTransportServer, org.apache.activemq.transport.http.BlockingQueueTransport, org.apache.activemq.transport.xstream.XStreamWireFormat, org.apache.activemq.transport.http.HttpTunnelServlet, org.apache.activemq.transport.http.HttpEmbeddedTunnelServlet, org.apache.activemq.transport.stomp.StompSslTransportFactory, org.apache.activemq.transport.stomp.StompNIOSSLTransport, org.apache.activemq.transport.stomp.StompTransportFactory, org.apache.activemq.transport.stomp.StompTransportFilter, org.apache.activemq.transport.stomp.StompWireFormatFactory, org.apache.activemq.transport.stomp.StompInactivityMonitor, org.apache.activemq.transport.stomp.StompTransport, org.apache.activemq.transport.stomp.StompNIOTransport, org.apache.activemq.transport.stomp.StompNIOSSLTransportFactory, org.apache.activemq.transport.nio.NIOSSLTransportServer, org.apache.activemq.transport.stomp.StompNIOTransportFactory, org.apache.activemq.transport.nio.NIOTransport, org.apache.activemq.transport.nio.NIOSSLTransportFactory, org.apache.activemq.transport.mqtt.MQTTInactivityMonitor, org.apache.activemq.transport.mqtt.MQTTTransport, org.apache.activemq.transport.mqtt.MQTTSslTransportFactory, org.apache.activemq.transport.mqtt.MQTTWireFormatFactory, org.apache.activemq.transport.mqtt.MQTTCodec, org.apache.activemq.transport.mqtt.MQTTPacketIdGenerator, org.apache.activemq.transport.mqtt.MQTTNIOSSLTransportFactory, org.apache.activemq.transport.mqtt.MQTTNIOTransport, org.apache.activemq.transport.mqtt.MQTTNIOTransportFactory, org.apache.activemq.transport.mqtt.MQTTNIOSSLTransport, org.apache.activemq.transport.mqtt.MQTTTransportFilter, org.apache.activemq.transport.mqtt.MQTTTransportFactory, org.apache.activemq.transport.failover.BackupTransport, org.apache.activemq.command.MarshallAware, org.apache.activemq.transport.xstream.XStreamWireFormatFactory, org.apache.activemq.transport.ws.WSServlet, org.apache.activemq.transport.ws.StompSocket, org.apache.activemq.transport.ws.MQTTSocket, org.apache.activemq.transport.ws.WSTransportFactory, org.apache.activemq.xbean.XBeanBrokerFactory, org.apache.activemq.spring.Utils, org.apache.activemq.spring.SpringBrokerContext, org.apache.activemq.proxy.ProxyConnection, org.apache.activemq.util.osgi.Activator, org.apache.activemq.Service, org.apache.activemq.command.Command, org.apache.activemq.network.CompositeDemandForwardingBridge, org.apache.activemq.network.MulticastNetworkConnector, org.apache.activemq.network.LdapNetworkConnector, org.apache.activemq.network.jms.DestinationBridge, org.apache.activemq.state.ResponseHandler, 
260,org.apache.activemq.command.ActiveMQTopic, org.apache.activemq.command.ActiveMQQueue, org.apache.activemq.ActiveMQSessionExecutor, org.apache.activemq.thread.TaskRunner, org.apache.activemq.thread.Task, org.apache.activemq.util.ThreadPoolUtils, org.apache.activemq.thread.Scheduler, org.apache.activemq.usage.MemoryUsage, org.apache.activemq.command.ConsumerInfo, org.apache.activemq.transaction.XATransaction, org.apache.activemq.broker.TransactionBroker, org.apache.activemq.store.TransactionStore, org.apache.activemq.broker.ConnectionContext, org.apache.activemq.transaction.Transaction, org.apache.activemq.leveldb.LevelDBStore, org.apache.activemq.command.SubscriptionInfo, org.apache.activemq.store.MessageRecoveryListener, org.apache.activemq.store.ListenableFuture, org.apache.activemq.store.AbstractMessageStore, org.apache.activemq.broker.Locker, org.apache.activemq.store.MessageStore, org.apache.activemq.store.TopicMessageStore, org.apache.activemq.store.PList, org.apache.activemq.store.TransactionRecoveryListener, org.apache.activemq.usage.SystemUsage, org.apache.activemq.store.InlineListenableFuture, org.apache.activemq.store.TopicReferenceStore, org.apache.activemq.store.ProxyTopicMessageStore, org.apache.activemq.store.ProxyMessageStore, org.apache.activemq.store.ReferenceStore, org.apache.activemq.store.TransactionIdTransformer, org.apache.activemq.store.jdbc.JDBCAdapter, org.apache.activemq.store.jdbc.JDBCPersistenceAdapter, org.apache.activemq.store.jdbc.DataSourceServiceSupport, org.apache.activemq.store.journal.JournalPersistenceAdapter, org.apache.activemq.store.journal.JournalTopicMessageStore, org.apache.activemq.store.journal.JournalMessageStore, org.apache.activemq.store.leveldb.LevelDBPersistenceAdapter, org.apache.activemq.store.memory.MemoryTransactionStore, org.apache.activemq.store.memory.MemoryMessageStore, org.apache.activemq.store.memory.MemoryTopicMessageStore, org.apache.activemq.store.memory.MemoryTopicSub, org.apache.activemq.store.TransactionIdTransformerAware, org.apache.activemq.store.PListStore, org.apache.activemq.store.kahadb.TempKahaDBStore, org.apache.activemq.store.kahadb.KahaDBTransactionStore, org.apache.activemq.store.PersistenceAdapter, org.apache.activemq.store.kahadb.KahaDBStore, org.apache.activemq.broker.LockableServiceSupport, org.apache.activemq.store.kahadb.KahaDBPersistenceAdapter, org.apache.activemq.store.kahadb.MultiKahaDBTransactionStore, org.apache.activemq.store.kahadb.MultiKahaDBPersistenceAdapter, org.apache.activemq.store.jdbc.JDBCTopicMessageStore, org.apache.activemq.store.jdbc.JDBCMessageStore, org.apache.activemq.store.jdbc.adapter.DefaultJDBCAdapter, org.apache.activemq.store.jdbc.JdbcMemoryTransactionStore, org.apache.activemq.leveldb.DBManager, org.apache.activemq.console.command.AmqBrowseCommand, org.apache.activemq.console.command.store.StoreExporter, org.apache.activemq.leveldb.record.SubscriptionRecord, org.apache.activemq.leveldb.CountDownFuture, org.apache.activemq.leveldb.DurableSubscription$, org.apache.activemq.leveldb.DurableSubscription, org.apache.activemq.leveldb.replicated.ProxyLevelDBStore, org.apache.activemq.util.IdGenerator, org.apache.activemq.broker.ProducerBrokerExchange, org.apache.activemq.state.ProducerState, org.apache.activemq.broker.region.Destination, org.apache.activemq.usage.Usage, org.apache.activemq.broker.region.Subscription, org.apache.activemq.broker.jmx.ManagedRegionBroker, org.apache.activemq.util.WrappedException, org.apache.activemq.broker.Broker, org.apache.activemq.broker.CompositeDestinationBroker, org.apache.activemq.broker.Lockable, org.apache.activemq.util.BrokerSupport, org.apache.activemq.broker.cluster.ConnectionSplitBroker, org.apache.activemq.advisory.AdvisoryBroker, org.apache.activemq.broker.scheduler.SchedulerBroker, org.apache.activemq.broker.region.virtual.MirroredQueue, org.apache.activemq.broker.region.virtual.VirtualDestination, org.apache.activemq.broker.region.virtual.VirtualTopic, org.apache.activemq.broker.region.virtual.VirtualDestinationInterceptor, org.apache.activemq.command.ProducerInfo, org.apache.activemq.broker.region.RegionBroker, org.apache.activemq.broker.region.DestinationFactoryImpl, org.apache.activemq.broker.region.CompositeDestinationInterceptor, org.apache.activemq.store.JournaledStore, org.apache.activemq.store.memory.MemoryPersistenceAdapter, org.apache.activemq.util.DefaultIOExceptionHandler, org.apache.activemq.filter.DestinationFilter, org.apache.activemq.broker.region.DestinationInterceptor, org.apache.activemq.security.MessageAuthorizationPolicy, org.apache.activemq.broker.region.DestinationFactory, org.apache.activemq.broker.jmx.BrokerView, org.apache.activemq.security.SecurityContext, org.apache.activemq.network.NetworkBridgeListener, org.apache.activemq.broker.Connection, org.apache.activemq.filter.MessageEvaluationContext, org.apache.activemq.broker.BrokerFilter, org.apache.activemq.broker.util.RedeliveryPlugin, org.apache.activemq.filter.AnyDestination, org.apache.activemq.broker.util.TimeStampingBrokerPlugin, org.apache.activemq.broker.region.policy.DeadLetterStrategy, org.apache.activemq.broker.util.InsertionCountList, org.apache.activemq.thread.TaskRunnerFactory, org.apache.activemq.broker.inteceptor.MessageInterceptor, org.apache.activemq.broker.inteceptor.MessageInterceptorRegistry, org.apache.activemq.broker.inteceptor.MessageInterceptorFilter, org.apache.activemq.broker.jmx.ManagedTempTopicRegion, org.apache.activemq.broker.region.TempTopicRegion, org.apache.activemq.broker.jmx.TopicSubscriptionView, org.apache.activemq.broker.region.DurableTopicSubscription, org.apache.activemq.broker.region.TopicSubscription, org.apache.activemq.broker.jmx.ManagedTempQueueRegion, org.apache.activemq.broker.region.TempQueueRegion, org.apache.activemq.broker.jmx.DestinationView, org.apache.activemq.broker.region.policy.SlowConsumerStrategy, org.apache.activemq.broker.region.policy.AbortSlowConsumerStrategy, org.apache.activemq.broker.jmx.SubscriptionView, org.apache.activemq.broker.jmx.QueueView, org.apache.activemq.broker.region.QueueMessageReference, org.apache.activemq.broker.region.Queue, org.apache.activemq.broker.jmx.SubscriptionViewMBean, org.apache.activemq.broker.jmx.AbortSlowAckConsumerStrategyView, org.apache.activemq.broker.region.policy.AbortSlowAckConsumerStrategy, org.apache.activemq.broker.region.TopicRegion, org.apache.activemq.broker.region.Topic, org.apache.activemq.util.SubscriptionKey, org.apache.activemq.broker.jmx.TopicView, org.apache.activemq.broker.jmx.ManagedQueueRegion, org.apache.activemq.broker.region.QueueRegion, org.apache.activemq.broker.jmx.ProducerView, org.apache.activemq.broker.jmx.InactiveDurableSubscriptionView, org.apache.activemq.broker.jmx.PersistenceAdapterView, org.apache.activemq.broker.jmx.ManagedTransportConnection, org.apache.activemq.broker.jmx.ManagedTopicRegion, org.apache.activemq.broker.jmx.BrokerViewMBean, org.apache.activemq.broker.jmx.RecoveredXATransactionView, org.apache.activemq.broker.jmx.DurableSubscriptionView, org.apache.activemq.util.TypeConversionSupport, org.apache.activemq.broker.region.MessageReferenceFilter, org.apache.activemq.broker.region.policy.PolicyEntry, org.apache.activemq.broker.region.cursors.FilePendingMessageCursor, org.apache.activemq.broker.region.cursors.VMPendingMessageCursor, org.apache.activemq.broker.region.policy.OldestMessageEvictionStrategy, org.apache.activemq.broker.region.policy.MessageEvictionStrategy, org.apache.activemq.broker.region.cursors.PendingMessageCursor, org.apache.activemq.broker.region.cursors.AbstractPendingMessageCursor, org.apache.activemq.broker.region.cursors.StoreDurableSubscriberCursor, org.apache.activemq.usage.UsageListener, org.apache.activemq.broker.region.SubscriptionRecovery, org.apache.activemq.broker.region.policy.SimpleDispatchSelector, org.apache.activemq.broker.region.IndirectMessageReference, org.apache.activemq.broker.region.BaseDestination, org.apache.activemq.filter.NonCachedMessageEvaluationContext, org.apache.activemq.broker.region.AbstractRegion, org.apache.activemq.broker.region.virtual.CompositeDestinationFilter, org.apache.activemq.broker.region.QueueSubscription, org.apache.activemq.broker.region.cursors.StoreQueueCursor, org.apache.activemq.broker.region.cursors.PrioritizedPendingList, org.apache.activemq.broker.region.group.CachedMessageGroupMapFactory, org.apache.activemq.broker.region.policy.RoundRobinDispatchPolicy, org.apache.activemq.broker.region.cursors.OrderedPendingList, org.apache.activemq.broker.region.group.MessageGroupMapFactory, org.apache.activemq.broker.region.policy.DispatchPolicy, org.apache.activemq.broker.region.group.MessageGroupMap, org.apache.activemq.broker.region.cursors.PendingList, org.apache.activemq.broker.region.TempTopic, org.apache.activemq.broker.region.policy.SharedDeadLetterStrategy, org.apache.activemq.ActiveMQMessageAudit, org.apache.activemq.broker.region.PendingMarshalUsageTracker, org.apache.activemq.broker.region.AbstractTempRegion, org.apache.activemq.broker.region.AbstractSubscription, org.apache.activemq.broker.region.TempQueue, org.apache.activemq.broker.region.policy.RetainedMessageSubscriptionRecoveryPolicy, org.apache.activemq.broker.region.policy.LastImageSubscriptionRecoveryPolicy, org.apache.activemq.broker.region.policy.SimpleDispatchPolicy, org.apache.activemq.broker.region.policy.SubscriptionRecoveryPolicy, org.apache.activemq.broker.region.QueueBrowserSubscription, org.apache.activemq.broker.region.DestinationFilter, org.apache.activemq.broker.region.virtual.SelectorAwareVirtualTopicInterceptor, org.apache.activemq.plugin.SubQueueSelectorCacheBroker, org.apache.activemq.broker.region.virtual.CompositeDestination, org.apache.activemq.broker.region.virtual.FilteredDestination, org.apache.activemq.broker.region.virtual.VirtualTopicInterceptor, org.apache.activemq.broker.region.cursors.QueueStorePrefetch, org.apache.activemq.broker.region.cursors.AbstractStoreCursor, org.apache.activemq.store.PListEntry, org.apache.activemq.broker.region.cursors.TopicStorePrefetch, org.apache.activemq.broker.region.policy.PendingQueueMessageStoragePolicy, org.apache.activemq.broker.region.policy.FilePendingDurableSubscriberMessageStoragePolicy, org.apache.activemq.broker.region.policy.QueryBasedSubscriptionRecoveryPolicy, org.apache.activemq.broker.region.policy.IndividualDeadLetterStrategy, org.apache.activemq.broker.region.policy.DiscardingDeadLetterStrategy, org.apache.activemq.broker.region.policy.VMPendingDurableSubscriberMessageStoragePolicy, org.apache.activemq.broker.region.policy.PendingSubscriberMessageStoragePolicy, org.apache.activemq.broker.region.policy.MessageQuery, org.apache.activemq.broker.region.policy.UniquePropertyMessageEvictionStrategy, org.apache.activemq.broker.region.policy.FilePendingQueueMessageStoragePolicy, org.apache.activemq.broker.region.policy.StrictOrderDispatchPolicy, org.apache.activemq.broker.region.policy.StorePendingDurableSubscriberMessageStoragePolicy, org.apache.activemq.broker.region.policy.FixedCountSubscriptionRecoveryPolicy, org.apache.activemq.broker.region.policy.NoSubscriptionRecoveryPolicy, org.apache.activemq.broker.region.policy.FilePendingSubscriberMessageStoragePolicy, org.apache.activemq.broker.region.policy.VMPendingQueueMessageStoragePolicy, org.apache.activemq.broker.region.policy.FixedSizedSubscriptionRecoveryPolicy, org.apache.activemq.memory.list.SimpleMessageList, org.apache.activemq.memory.list.MessageList, org.apache.activemq.broker.region.policy.PrefetchRatePendingMessageLimitStrategy, org.apache.activemq.broker.region.policy.PriorityDispatchPolicy, org.apache.activemq.broker.region.policy.PendingDurableSubscriberMessageStoragePolicy, org.apache.activemq.broker.region.policy.PriorityNetworkDispatchPolicy, org.apache.activemq.network.NetworkBridgeFilterFactory, org.apache.activemq.broker.region.policy.AbstractDeadLetterStrategy, org.apache.activemq.broker.region.policy.VMPendingSubscriberMessageStoragePolicy, org.apache.activemq.broker.region.policy.DispatchSelector, org.apache.activemq.broker.region.policy.OldestMessageWithLowestPriorityEvictionStrategy, org.apache.activemq.broker.region.policy.PendingMessageLimitStrategy, org.apache.activemq.broker.region.policy.TimedSubscriptionRecoveryPolicy, org.apache.activemq.broker.region.policy.ConstantPendingMessageLimitStrategy, org.apache.activemq.broker.region.policy.StorePendingQueueMessageStoragePolicy, org.apache.activemq.broker.view.BrokerDestinationView, org.apache.activemq.broker.view.ConnectionDotFileInterceptor, org.apache.activemq.filter.DestinationMapNode, org.apache.activemq.broker.view.MessageBrokerView, org.apache.activemq.broker.view.DestinationDotFileInterceptor, org.apache.activemq.broker.view.DotFileInterceptorSupport, org.apache.activemq.command.XATransactionId, org.apache.activemq.transaction.Synchronization, org.apache.activemq.util.LongSequenceGenerator, org.apache.activemq.ConnectionAudit, org.apache.activemq.broker.region.MessageReference, org.apache.activemq.command.Message, org.apache.activemq.store.PersistenceAdapterSupport, org.apache.activemq.util.LRUCache, org.apache.activemq.memory.UsageManagerCacheFilter, org.apache.activemq.memory.CacheEvictionUsageListener, org.apache.activemq.util.DataByteArrayOutputStream, org.apache.activemq.util.TransactionTemplate, org.apache.activemq.security.JaasDualAuthenticationPlugin, org.apache.activemq.security.SimpleAuthenticationBroker, org.apache.activemq.security.JaasCertificateAuthenticationPlugin, org.apache.activemq.security.AbstractAuthenticationBroker, org.apache.activemq.security.JaasDualAuthenticationBroker, org.apache.activemq.security.AuthorizationDestinationFilter, org.apache.activemq.security.AuthorizationBroker, org.apache.activemq.security.AuthorizationDestinationInterceptor, org.apache.activemq.network.ConditionalNetworkBridgeFilterFactory, org.apache.activemq.network.DurableConduitBridge, org.apache.activemq.network.ConduitBridge, org.apache.activemq.network.DemandSubscription, org.apache.activemq.camel.component.broker.BrokerProducer, org.apache.activemq.camel.component.broker.BrokerEndpoint, org.apache.activemq.camel.component.broker.BrokerConsumer, org.apache.activemq.plugin.ForcePersistencyModeBroker, org.apache.activemq.plugin.DiscardingDLQBroker, org.apache.activemq.plugin.StatisticsBroker, org.apache.activemq.usage.TempUsage, org.apache.activemq.usage.StoreUsage, 
604,org.apache.activemq.command.ActiveMQDestination, org.apache.activemq.openwire.v6.ExceptionResponseMarshaller, org.apache.activemq.openwire.v6.BrokerIdMarshaller, org.apache.activemq.openwire.v6.KeepAliveInfoMarshaller, org.apache.activemq.openwire.v6.ConnectionInfoMarshaller, org.apache.activemq.openwire.v6.ConnectionErrorMarshaller, org.apache.activemq.openwire.v6.JournalQueueAckMarshaller, org.apache.activemq.command.JournalQueueAck, org.apache.activemq.openwire.v6.ShutdownInfoMarshaller, org.apache.activemq.openwire.v6.JournalTraceMarshaller, org.apache.activemq.openwire.v6.WireFormatInfoMarshaller, org.apache.activemq.openwire.v6.ProducerInfoMarshaller, org.apache.activemq.openwire.v6.FlushCommandMarshaller, org.apache.activemq.openwire.v6.RemoveInfoMarshaller, org.apache.activemq.openwire.v6.ReplayCommandMarshaller, org.apache.activemq.openwire.v6.ConsumerIdMarshaller, org.apache.activemq.openwire.v6.MessageIdMarshaller, org.apache.activemq.openwire.v6.XATransactionIdMarshaller, org.apache.activemq.openwire.v6.SessionIdMarshaller, org.apache.activemq.openwire.v6.ProducerIdMarshaller, org.apache.activemq.openwire.v6.ConsumerInfoMarshaller, org.apache.activemq.openwire.v6.LocalTransactionIdMarshaller, org.apache.activemq.openwire.v6.ConnectionControlMarshaller, org.apache.activemq.openwire.v6.ActiveMQTempTopicMarshaller, org.apache.activemq.openwire.v6.ActiveMQBlobMessageMarshaller, org.apache.activemq.openwire.v6.IntegerResponseMarshaller, org.apache.activemq.openwire.v6.ControlCommandMarshaller, org.apache.activemq.openwire.v6.ActiveMQStreamMessageMarshaller, org.apache.activemq.command.ActiveMQTempTopic, org.apache.activemq.openwire.v6.NetworkBridgeFilterMarshaller, org.apache.activemq.openwire.v6.PartialCommandMarshaller, org.apache.activemq.openwire.v6.ActiveMQQueueMarshaller, org.apache.activemq.openwire.v6.RemoveSubscriptionInfoMarshaller, org.apache.activemq.openwire.v6.MessagePullMarshaller, org.apache.activemq.openwire.v6.JournalTopicAckMarshaller, org.apache.activemq.command.JournalTopicAck, org.apache.activemq.openwire.v6.DestinationInfoMarshaller, org.apache.activemq.openwire.v6.BaseDataStreamMarshaller, org.apache.activemq.command.ActiveMQTempQueue, org.apache.activemq.openwire.v6.DiscoveryEventMarshaller, org.apache.activemq.openwire.v6.ResponseMarshaller, org.apache.activemq.openwire.v6.LastPartialCommandMarshaller, org.apache.activemq.openwire.v6.DataArrayResponseMarshaller, org.apache.activemq.openwire.v6.ActiveMQTopicMarshaller, org.apache.activemq.openwire.v6.TransactionInfoMarshaller, org.apache.activemq.openwire.v6.ProducerAckMarshaller, org.apache.activemq.openwire.v6.ConsumerControlMarshaller, org.apache.activemq.openwire.v6.DataResponseMarshaller, org.apache.activemq.command.DataResponse, org.apache.activemq.openwire.v6.MessageDispatchNotificationMarshaller, org.apache.activemq.openwire.v6.ActiveMQTempQueueMarshaller, org.apache.activemq.openwire.v6.MessageDispatchMarshaller, org.apache.activemq.openwire.v6.MessageMarshaller, org.apache.activemq.openwire.v6.SubscriptionInfoMarshaller, org.apache.activemq.openwire.v6.ConnectionIdMarshaller, org.apache.activemq.openwire.v6.JournalTransactionMarshaller, org.apache.activemq.command.JournalTransaction, org.apache.activemq.openwire.v1.ActiveMQDestinationMarshaller, org.apache.activemq.openwire.v1.SessionInfoMarshaller, org.apache.activemq.openwire.v1.BrokerInfoMarshaller, org.apache.activemq.openwire.v1.MessageAckMarshaller, org.apache.activemq.openwire.v1.ExceptionResponseMarshaller, org.apache.activemq.openwire.v1.BrokerIdMarshaller, org.apache.activemq.openwire.v1.KeepAliveInfoMarshaller, org.apache.activemq.openwire.v1.ConnectionInfoMarshaller, org.apache.activemq.openwire.v1.ConnectionErrorMarshaller, org.apache.activemq.openwire.v1.JournalQueueAckMarshaller, org.apache.activemq.openwire.v1.ShutdownInfoMarshaller, org.apache.activemq.openwire.v1.JournalTraceMarshaller, org.apache.activemq.openwire.v1.WireFormatInfoMarshaller, org.apache.activemq.openwire.v1.ProducerInfoMarshaller, org.apache.activemq.openwire.v1.FlushCommandMarshaller, org.apache.activemq.openwire.v1.RemoveInfoMarshaller, org.apache.activemq.openwire.v1.ReplayCommandMarshaller, org.apache.activemq.openwire.v1.ConsumerIdMarshaller, org.apache.activemq.openwire.v1.MessageIdMarshaller, org.apache.activemq.openwire.v1.XATransactionIdMarshaller, org.apache.activemq.openwire.v1.SessionIdMarshaller, org.apache.activemq.openwire.v1.ProducerIdMarshaller, org.apache.activemq.openwire.v1.ConsumerInfoMarshaller, org.apache.activemq.openwire.v1.LocalTransactionIdMarshaller, org.apache.activemq.openwire.v1.ConnectionControlMarshaller, org.apache.activemq.openwire.v1.ActiveMQTempTopicMarshaller, org.apache.activemq.openwire.v1.IntegerResponseMarshaller, org.apache.activemq.openwire.v1.ControlCommandMarshaller, org.apache.activemq.openwire.v1.ActiveMQStreamMessageMarshaller, org.apache.activemq.openwire.v1.NetworkBridgeFilterMarshaller, org.apache.activemq.openwire.v1.PartialCommandMarshaller, org.apache.activemq.openwire.v1.ActiveMQQueueMarshaller, org.apache.activemq.command.MessagePull, org.apache.activemq.openwire.v1.RemoveSubscriptionInfoMarshaller, org.apache.activemq.openwire.v1.JournalTopicAckMarshaller, org.apache.activemq.openwire.v1.DestinationInfoMarshaller, org.apache.activemq.openwire.v1.BaseDataStreamMarshaller, org.apache.activemq.openwire.v1.DiscoveryEventMarshaller, org.apache.activemq.openwire.v1.ResponseMarshaller, org.apache.activemq.openwire.v1.LastPartialCommandMarshaller, org.apache.activemq.openwire.v1.DataArrayResponseMarshaller, org.apache.activemq.openwire.v1.ActiveMQTopicMarshaller, org.apache.activemq.openwire.v1.TransactionInfoMarshaller, org.apache.activemq.openwire.v1.ConsumerControlMarshaller, org.apache.activemq.openwire.v1.DataResponseMarshaller, org.apache.activemq.openwire.v1.MessageDispatchNotificationMarshaller, org.apache.activemq.openwire.v1.ActiveMQTempQueueMarshaller, org.apache.activemq.openwire.v1.MessageDispatchMarshaller, org.apache.activemq.openwire.v1.MessageMarshaller, org.apache.activemq.command.RemoveInfo, org.apache.activemq.openwire.v1.SubscriptionInfoMarshaller, org.apache.activemq.openwire.v1.ConnectionIdMarshaller, org.apache.activemq.openwire.v1.JournalTransactionMarshaller, org.apache.activemq.openwire.v8.ActiveMQDestinationMarshaller, org.apache.activemq.openwire.v8.SessionInfoMarshaller, org.apache.activemq.openwire.v8.BrokerInfoMarshaller, org.apache.activemq.openwire.v8.MessageAckMarshaller, org.apache.activemq.openwire.v8.ExceptionResponseMarshaller, org.apache.activemq.openwire.v8.BrokerIdMarshaller, org.apache.activemq.openwire.v8.KeepAliveInfoMarshaller, org.apache.activemq.openwire.v8.ConnectionInfoMarshaller, org.apache.activemq.openwire.v8.ConnectionErrorMarshaller, org.apache.activemq.openwire.v8.JournalQueueAckMarshaller, org.apache.activemq.openwire.v8.ShutdownInfoMarshaller, org.apache.activemq.openwire.v8.JournalTraceMarshaller, org.apache.activemq.openwire.v8.WireFormatInfoMarshaller, org.apache.activemq.openwire.v8.ProducerInfoMarshaller, org.apache.activemq.openwire.v8.FlushCommandMarshaller, org.apache.activemq.openwire.v8.RemoveInfoMarshaller, org.apache.activemq.openwire.v8.ReplayCommandMarshaller, org.apache.activemq.openwire.v8.ConsumerIdMarshaller, org.apache.activemq.openwire.v8.MessageIdMarshaller, org.apache.activemq.openwire.v8.XATransactionIdMarshaller, org.apache.activemq.openwire.v8.SessionIdMarshaller, org.apache.activemq.openwire.v8.ProducerIdMarshaller, org.apache.activemq.openwire.v8.ConsumerInfoMarshaller, org.apache.activemq.openwire.v8.LocalTransactionIdMarshaller, org.apache.activemq.openwire.v8.ConnectionControlMarshaller, org.apache.activemq.openwire.v8.ActiveMQTempTopicMarshaller, org.apache.activemq.openwire.v8.ActiveMQBlobMessageMarshaller, org.apache.activemq.openwire.v8.IntegerResponseMarshaller, org.apache.activemq.openwire.v8.ControlCommandMarshaller, org.apache.activemq.openwire.v8.ActiveMQStreamMessageMarshaller, org.apache.activemq.openwire.v8.NetworkBridgeFilterMarshaller, org.apache.activemq.openwire.v8.PartialCommandMarshaller, org.apache.activemq.openwire.v8.ActiveMQQueueMarshaller, org.apache.activemq.openwire.v8.RemoveSubscriptionInfoMarshaller, org.apache.activemq.openwire.v8.MessagePullMarshaller, org.apache.activemq.openwire.v8.JournalTopicAckMarshaller, org.apache.activemq.openwire.v8.DestinationInfoMarshaller, org.apache.activemq.openwire.v8.BaseDataStreamMarshaller, org.apache.activemq.openwire.v8.DiscoveryEventMarshaller, org.apache.activemq.openwire.v8.ResponseMarshaller, org.apache.activemq.openwire.v8.LastPartialCommandMarshaller, org.apache.activemq.command.BrokerId, org.apache.activemq.openwire.v8.DataArrayResponseMarshaller, org.apache.activemq.openwire.v8.ActiveMQTopicMarshaller, org.apache.activemq.openwire.v8.TransactionInfoMarshaller, org.apache.activemq.openwire.v8.ProducerAckMarshaller, org.apache.activemq.openwire.v8.ConsumerControlMarshaller, org.apache.activemq.openwire.v8.DataResponseMarshaller, org.apache.activemq.openwire.v8.MessageDispatchNotificationMarshaller, org.apache.activemq.openwire.v8.ActiveMQTempQueueMarshaller, org.apache.activemq.openwire.v8.MessageDispatchMarshaller, org.apache.activemq.openwire.v8.MessageMarshaller, org.apache.activemq.openwire.v8.SubscriptionInfoMarshaller, org.apache.activemq.openwire.v8.ConnectionIdMarshaller, org.apache.activemq.openwire.v8.JournalTransactionMarshaller, org.apache.activemq.openwire.v9.ActiveMQDestinationMarshaller, org.apache.activemq.openwire.v9.SessionInfoMarshaller, org.apache.activemq.openwire.v9.BrokerInfoMarshaller, org.apache.activemq.openwire.v9.MessageAckMarshaller, org.apache.activemq.openwire.v9.ExceptionResponseMarshaller, org.apache.activemq.openwire.v9.BrokerIdMarshaller, org.apache.activemq.openwire.v9.KeepAliveInfoMarshaller, org.apache.activemq.openwire.v9.ConnectionInfoMarshaller, org.apache.activemq.openwire.v9.ConnectionErrorMarshaller, org.apache.activemq.openwire.v9.JournalQueueAckMarshaller, org.apache.activemq.openwire.v9.ShutdownInfoMarshaller, org.apache.activemq.openwire.v9.JournalTraceMarshaller, org.apache.activemq.command.ConsumerId, org.apache.activemq.openwire.v9.WireFormatInfoMarshaller, org.apache.activemq.openwire.v9.ProducerInfoMarshaller, org.apache.activemq.openwire.v9.FlushCommandMarshaller, org.apache.activemq.openwire.v9.RemoveInfoMarshaller, org.apache.activemq.openwire.v9.ReplayCommandMarshaller, org.apache.activemq.openwire.v9.ConsumerIdMarshaller, org.apache.activemq.openwire.v9.MessageIdMarshaller, org.apache.activemq.openwire.v9.XATransactionIdMarshaller, org.apache.activemq.openwire.v9.SessionIdMarshaller, org.apache.activemq.openwire.v9.ProducerIdMarshaller, org.apache.activemq.command.SessionInfo, org.apache.activemq.openwire.v9.ConsumerInfoMarshaller, org.apache.activemq.openwire.v9.LocalTransactionIdMarshaller, org.apache.activemq.openwire.v9.ConnectionControlMarshaller, org.apache.activemq.openwire.v9.ActiveMQTempTopicMarshaller, org.apache.activemq.openwire.v9.ActiveMQBlobMessageMarshaller, org.apache.activemq.openwire.v9.IntegerResponseMarshaller, org.apache.activemq.openwire.v9.ControlCommandMarshaller, org.apache.activemq.openwire.v9.ActiveMQStreamMessageMarshaller, org.apache.activemq.openwire.v9.NetworkBridgeFilterMarshaller, org.apache.activemq.openwire.v9.PartialCommandMarshaller, org.apache.activemq.openwire.v9.ActiveMQQueueMarshaller, org.apache.activemq.openwire.v9.RemoveSubscriptionInfoMarshaller, org.apache.activemq.openwire.v9.MessagePullMarshaller, org.apache.activemq.openwire.v9.JournalTopicAckMarshaller, org.apache.activemq.openwire.v9.DestinationInfoMarshaller, org.apache.activemq.openwire.v9.BaseDataStreamMarshaller, org.apache.activemq.openwire.v9.DiscoveryEventMarshaller, org.apache.activemq.openwire.v9.ResponseMarshaller, org.apache.activemq.openwire.v9.LastPartialCommandMarshaller, org.apache.activemq.openwire.v9.DataArrayResponseMarshaller, org.apache.activemq.openwire.v9.ActiveMQTopicMarshaller, org.apache.activemq.openwire.v9.TransactionInfoMarshaller, org.apache.activemq.openwire.v9.ProducerAckMarshaller, org.apache.activemq.openwire.v9.ConsumerControlMarshaller, org.apache.activemq.ActiveMQConnection, org.apache.activemq.openwire.v9.DataResponseMarshaller, org.apache.activemq.openwire.v9.MessageDispatchNotificationMarshaller, org.apache.activemq.openwire.v9.ActiveMQTempQueueMarshaller, org.apache.activemq.openwire.v9.MessageDispatchMarshaller, org.apache.activemq.openwire.v9.MessageMarshaller, org.apache.activemq.openwire.v9.SubscriptionInfoMarshaller, org.apache.activemq.openwire.v9.ConnectionIdMarshaller, org.apache.activemq.openwire.v9.JournalTransactionMarshaller, org.apache.activemq.command.RemoveSubscriptionInfo, org.apache.activemq.openwire.v7.ActiveMQDestinationMarshaller, org.apache.activemq.openwire.v7.SessionInfoMarshaller, org.apache.activemq.openwire.v7.BrokerInfoMarshaller, org.apache.activemq.openwire.v7.MessageAckMarshaller, org.apache.activemq.openwire.v7.ExceptionResponseMarshaller, org.apache.activemq.openwire.v7.BrokerIdMarshaller, org.apache.activemq.openwire.v7.KeepAliveInfoMarshaller, org.apache.activemq.openwire.v7.ConnectionInfoMarshaller, org.apache.activemq.openwire.v7.ConnectionErrorMarshaller, org.apache.activemq.openwire.v7.JournalQueueAckMarshaller, org.apache.activemq.state.CommandVisitor, org.apache.activemq.openwire.v7.ShutdownInfoMarshaller, org.apache.activemq.openwire.v7.JournalTraceMarshaller, org.apache.activemq.openwire.v7.WireFormatInfoMarshaller, org.apache.activemq.openwire.v7.ProducerInfoMarshaller, org.apache.activemq.openwire.v7.FlushCommandMarshaller, org.apache.activemq.openwire.v7.RemoveInfoMarshaller, org.apache.activemq.openwire.v7.ReplayCommandMarshaller, org.apache.activemq.openwire.v7.ConsumerIdMarshaller, org.apache.activemq.openwire.v7.MessageIdMarshaller, org.apache.activemq.command.WireFormatInfo, org.apache.activemq.openwire.v7.XATransactionIdMarshaller, org.apache.activemq.openwire.v7.SessionIdMarshaller, org.apache.activemq.openwire.v7.ProducerIdMarshaller, org.apache.activemq.openwire.v7.ConsumerInfoMarshaller, org.apache.activemq.openwire.v7.LocalTransactionIdMarshaller, org.apache.activemq.openwire.v7.ConnectionControlMarshaller, org.apache.activemq.openwire.v7.ActiveMQTempTopicMarshaller, org.apache.activemq.openwire.v7.ActiveMQBlobMessageMarshaller, org.apache.activemq.command.ConsumerControl, org.apache.activemq.openwire.v7.IntegerResponseMarshaller, org.apache.activemq.openwire.v7.ControlCommandMarshaller, org.apache.activemq.openwire.v7.ActiveMQStreamMessageMarshaller, org.apache.activemq.openwire.v7.NetworkBridgeFilterMarshaller, org.apache.activemq.openwire.v7.PartialCommandMarshaller, org.apache.activemq.openwire.v7.ActiveMQQueueMarshaller, org.apache.activemq.openwire.v7.RemoveSubscriptionInfoMarshaller, org.apache.activemq.openwire.v7.MessagePullMarshaller, org.apache.activemq.openwire.v7.JournalTopicAckMarshaller, org.apache.activemq.command.ConnectionControl, org.apache.activemq.openwire.v7.DestinationInfoMarshaller, org.apache.activemq.openwire.v7.BaseDataStreamMarshaller, org.apache.activemq.openwire.v7.DiscoveryEventMarshaller, org.apache.activemq.openwire.v7.ResponseMarshaller, org.apache.activemq.openwire.v7.LastPartialCommandMarshaller, org.apache.activemq.openwire.v7.DataArrayResponseMarshaller, org.apache.activemq.openwire.v7.ActiveMQTopicMarshaller, org.apache.activemq.openwire.v7.TransactionInfoMarshaller, org.apache.activemq.openwire.v7.ProducerAckMarshaller, org.apache.activemq.command.ControlCommand, org.apache.activemq.openwire.v7.ConsumerControlMarshaller, org.apache.activemq.openwire.v7.DataResponseMarshaller, org.apache.activemq.openwire.v7.MessageDispatchNotificationMarshaller, org.apache.activemq.openwire.v7.ActiveMQTempQueueMarshaller, org.apache.activemq.openwire.v7.MessageDispatchMarshaller, org.apache.activemq.openwire.v7.MessageMarshaller, org.apache.activemq.openwire.v7.SubscriptionInfoMarshaller, org.apache.activemq.command.ConnectionError, org.apache.activemq.openwire.v7.ConnectionIdMarshaller, org.apache.activemq.openwire.v7.JournalTransactionMarshaller, org.apache.activemq.openwire.v2.ActiveMQDestinationMarshaller, org.apache.activemq.openwire.v2.SessionInfoMarshaller, org.apache.activemq.openwire.v2.BrokerInfoMarshaller, org.apache.activemq.openwire.v2.MessageAckMarshaller, org.apache.activemq.openwire.v2.ExceptionResponseMarshaller, org.apache.activemq.openwire.v2.BrokerIdMarshaller, org.apache.activemq.openwire.v2.KeepAliveInfoMarshaller, org.apache.activemq.command.ProducerAck, org.apache.activemq.openwire.v2.ConnectionInfoMarshaller, org.apache.activemq.openwire.v2.ConnectionErrorMarshaller, org.apache.activemq.openwire.v2.JournalQueueAckMarshaller, org.apache.activemq.openwire.v2.ShutdownInfoMarshaller, org.apache.activemq.openwire.v2.JournalTraceMarshaller, org.apache.activemq.openwire.v2.WireFormatInfoMarshaller, org.apache.activemq.openwire.v2.ProducerInfoMarshaller, org.apache.activemq.openwire.v2.FlushCommandMarshaller, org.apache.activemq.openwire.v2.RemoveInfoMarshaller, org.apache.activemq.state.CommandVisitorAdapter, org.apache.activemq.openwire.v2.ReplayCommandMarshaller, org.apache.activemq.openwire.v2.ConsumerIdMarshaller, org.apache.activemq.openwire.v2.MessageIdMarshaller, org.apache.activemq.openwire.v2.XATransactionIdMarshaller, org.apache.activemq.openwire.v2.SessionIdMarshaller, org.apache.activemq.openwire.v2.ProducerIdMarshaller, org.apache.activemq.openwire.v2.ConsumerInfoMarshaller, org.apache.activemq.openwire.v2.LocalTransactionIdMarshaller, org.apache.activemq.command.ExceptionResponse, org.apache.activemq.openwire.v2.ConnectionControlMarshaller, org.apache.activemq.openwire.v2.ActiveMQTempTopicMarshaller, org.apache.activemq.openwire.v2.IntegerResponseMarshaller, org.apache.activemq.openwire.v2.ControlCommandMarshaller, org.apache.activemq.openwire.v2.ActiveMQStreamMessageMarshaller, org.apache.activemq.openwire.v2.NetworkBridgeFilterMarshaller, org.apache.activemq.openwire.v2.PartialCommandMarshaller, org.apache.activemq.openwire.v2.ActiveMQQueueMarshaller, org.apache.activemq.openwire.v2.RemoveSubscriptionInfoMarshaller, org.apache.activemq.openwire.v2.MessagePullMarshaller, org.apache.activemq.openwire.v2.JournalTopicAckMarshaller, org.apache.activemq.openwire.v2.DestinationInfoMarshaller, org.apache.activemq.openwire.v2.BaseDataStreamMarshaller, org.apache.activemq.openwire.v2.DiscoveryEventMarshaller, org.apache.activemq.openwire.v2.ResponseMarshaller, org.apache.activemq.openwire.v2.LastPartialCommandMarshaller, org.apache.activemq.openwire.v2.DataArrayResponseMarshaller, org.apache.activemq.openwire.v2.ActiveMQTopicMarshaller, org.apache.activemq.openwire.v2.TransactionInfoMarshaller, org.apache.activemq.openwire.v2.ConsumerControlMarshaller, org.apache.activemq.openwire.v2.DataResponseMarshaller, org.apache.activemq.openwire.v2.MessageDispatchNotificationMarshaller, org.apache.activemq.openwire.v2.ActiveMQTempQueueMarshaller, org.apache.activemq.openwire.v2.MessageDispatchMarshaller, org.apache.activemq.openwire.v2.MessageMarshaller, org.apache.activemq.openwire.v2.SubscriptionInfoMarshaller, org.apache.activemq.openwire.v2.ConnectionIdMarshaller, org.apache.activemq.openwire.v2.JournalTransactionMarshaller, org.apache.activemq.openwire.v5.ActiveMQDestinationMarshaller, org.apache.activemq.openwire.v5.SessionInfoMarshaller, org.apache.activemq.openwire.v5.BrokerInfoMarshaller, org.apache.activemq.openwire.v5.MessageAckMarshaller, org.apache.activemq.openwire.v5.ExceptionResponseMarshaller, org.apache.activemq.openwire.v5.BrokerIdMarshaller, org.apache.activemq.command.ShutdownInfo, org.apache.activemq.openwire.v5.KeepAliveInfoMarshaller, org.apache.activemq.openwire.v5.ConnectionInfoMarshaller, org.apache.activemq.openwire.v5.ConnectionErrorMarshaller, org.apache.activemq.openwire.v5.JournalQueueAckMarshaller, org.apache.activemq.openwire.v5.ShutdownInfoMarshaller, org.apache.activemq.openwire.v5.JournalTraceMarshaller, org.apache.activemq.openwire.v5.WireFormatInfoMarshaller, org.apache.activemq.openwire.v5.ProducerInfoMarshaller, org.apache.activemq.openwire.v5.FlushCommandMarshaller, org.apache.activemq.openwire.v5.RemoveInfoMarshaller, org.apache.activemq.openwire.v5.ReplayCommandMarshaller, org.apache.activemq.openwire.v5.ConsumerIdMarshaller, org.apache.activemq.openwire.v5.MessageIdMarshaller, org.apache.activemq.openwire.v5.XATransactionIdMarshaller, org.apache.activemq.openwire.v5.SessionIdMarshaller, org.apache.activemq.openwire.v5.ProducerIdMarshaller, org.apache.activemq.openwire.v5.ConsumerInfoMarshaller, org.apache.activemq.openwire.v5.LocalTransactionIdMarshaller, org.apache.activemq.command.BrokerInfo, org.apache.activemq.openwire.v5.ConnectionControlMarshaller, org.apache.activemq.openwire.v5.ActiveMQTempTopicMarshaller, org.apache.activemq.openwire.v5.ActiveMQBlobMessageMarshaller, org.apache.activemq.openwire.v5.IntegerResponseMarshaller, org.apache.activemq.openwire.v5.ControlCommandMarshaller, org.apache.activemq.openwire.v5.ActiveMQStreamMessageMarshaller, org.apache.activemq.openwire.v5.NetworkBridgeFilterMarshaller, org.apache.activemq.openwire.v5.PartialCommandMarshaller, org.apache.activemq.openwire.v5.ActiveMQQueueMarshaller, org.apache.activemq.openwire.v5.RemoveSubscriptionInfoMarshaller, org.apache.activemq.openwire.v5.MessagePullMarshaller, org.apache.activemq.openwire.v5.JournalTopicAckMarshaller, org.apache.activemq.openwire.v5.DestinationInfoMarshaller, org.apache.activemq.openwire.v5.BaseDataStreamMarshaller, org.apache.activemq.openwire.v5.DiscoveryEventMarshaller, org.apache.activemq.openwire.v5.ResponseMarshaller, org.apache.activemq.openwire.v5.LastPartialCommandMarshaller, org.apache.activemq.command.ConnectionInfo, org.apache.activemq.openwire.v5.DataArrayResponseMarshaller, org.apache.activemq.openwire.v5.ActiveMQTopicMarshaller, org.apache.activemq.openwire.v5.TransactionInfoMarshaller, org.apache.activemq.openwire.v5.ProducerAckMarshaller, org.apache.activemq.openwire.v5.ConsumerControlMarshaller, org.apache.activemq.openwire.v5.DataResponseMarshaller, org.apache.activemq.openwire.v5.MessageDispatchNotificationMarshaller, org.apache.activemq.openwire.v5.ActiveMQTempQueueMarshaller, org.apache.activemq.openwire.v5.MessageDispatchMarshaller, org.apache.activemq.openwire.v5.MessageMarshaller, org.apache.activemq.openwire.v5.SubscriptionInfoMarshaller, org.apache.activemq.openwire.v5.ConnectionIdMarshaller, org.apache.activemq.openwire.v5.JournalTransactionMarshaller, org.apache.activemq.openwire.v4.SessionInfoMarshaller, org.apache.activemq.openwire.v4.BrokerInfoMarshaller, org.apache.activemq.openwire.v4.MessageAckMarshaller, org.apache.activemq.openwire.v4.ExceptionResponseMarshaller, org.apache.activemq.openwire.v4.BrokerIdMarshaller, org.apache.activemq.openwire.v4.KeepAliveInfoMarshaller, org.apache.activemq.openwire.v4.ConnectionInfoMarshaller, org.apache.activemq.openwire.v4.ConnectionErrorMarshaller, org.apache.activemq.openwire.v4.JournalQueueAckMarshaller, org.apache.activemq.openwire.v4.ShutdownInfoMarshaller, org.apache.activemq.openwire.v4.JournalTraceMarshaller, org.apache.activemq.openwire.v4.WireFormatInfoMarshaller, org.apache.activemq.openwire.v4.ProducerInfoMarshaller, org.apache.activemq.openwire.v4.FlushCommandMarshaller, org.apache.activemq.openwire.v4.RemoveInfoMarshaller, org.apache.activemq.openwire.v4.ReplayCommandMarshaller, org.apache.activemq.openwire.v4.ConsumerIdMarshaller, org.apache.activemq.openwire.v4.MessageIdMarshaller, org.apache.activemq.openwire.v4.XATransactionIdMarshaller, org.apache.activemq.openwire.v4.SessionIdMarshaller, org.apache.activemq.openwire.v4.ProducerIdMarshaller, org.apache.activemq.openwire.v4.ConsumerInfoMarshaller, org.apache.activemq.openwire.v4.LocalTransactionIdMarshaller, org.apache.activemq.openwire.v4.ConnectionControlMarshaller, org.apache.activemq.openwire.v4.ActiveMQTempTopicMarshaller, org.apache.activemq.openwire.v4.ActiveMQBlobMessageMarshaller, org.apache.activemq.openwire.v4.IntegerResponseMarshaller, org.apache.activemq.openwire.v4.ControlCommandMarshaller, org.apache.activemq.openwire.v4.ActiveMQStreamMessageMarshaller, org.apache.activemq.openwire.v4.NetworkBridgeFilterMarshaller, org.apache.activemq.openwire.v4.PartialCommandMarshaller, org.apache.activemq.openwire.v4.ActiveMQQueueMarshaller, org.apache.activemq.openwire.v4.RemoveSubscriptionInfoMarshaller, org.apache.activemq.openwire.v4.MessagePullMarshaller, org.apache.activemq.openwire.v4.JournalTopicAckMarshaller, org.apache.activemq.openwire.v4.DestinationInfoMarshaller, org.apache.activemq.openwire.v4.BaseDataStreamMarshaller, org.apache.activemq.openwire.v4.DiscoveryEventMarshaller, org.apache.activemq.openwire.v4.ResponseMarshaller, org.apache.activemq.openwire.v4.LastPartialCommandMarshaller, org.apache.activemq.openwire.v4.DataArrayResponseMarshaller, org.apache.activemq.openwire.v4.ActiveMQTopicMarshaller, org.apache.activemq.openwire.v4.TransactionInfoMarshaller, org.apache.activemq.openwire.v4.ProducerAckMarshaller, org.apache.activemq.openwire.v4.ConsumerControlMarshaller, org.apache.activemq.openwire.v4.DataResponseMarshaller, org.apache.activemq.openwire.v4.MessageDispatchNotificationMarshaller, org.apache.activemq.openwire.v4.ActiveMQTempQueueMarshaller, org.apache.activemq.openwire.v4.MessageDispatchMarshaller, org.apache.activemq.openwire.v4.MessageMarshaller, org.apache.activemq.openwire.v4.SubscriptionInfoMarshaller, org.apache.activemq.openwire.v4.ConnectionIdMarshaller, org.apache.activemq.openwire.v4.JournalTransactionMarshaller, org.apache.activemq.openwire.v3.ActiveMQDestinationMarshaller, org.apache.activemq.openwire.v3.SessionInfoMarshaller, org.apache.activemq.openwire.v3.BrokerInfoMarshaller, org.apache.activemq.openwire.v3.MessageAckMarshaller, org.apache.activemq.openwire.v3.ExceptionResponseMarshaller, org.apache.activemq.openwire.v3.BrokerIdMarshaller, org.apache.activemq.openwire.v3.KeepAliveInfoMarshaller, org.apache.activemq.openwire.v3.ConnectionInfoMarshaller, org.apache.activemq.openwire.v3.ConnectionErrorMarshaller, org.apache.activemq.openwire.v3.JournalQueueAckMarshaller, org.apache.activemq.openwire.v3.ShutdownInfoMarshaller, org.apache.activemq.openwire.v3.JournalTraceMarshaller, org.apache.activemq.openwire.v3.WireFormatInfoMarshaller, org.apache.activemq.openwire.v3.ProducerInfoMarshaller, org.apache.activemq.openwire.v3.FlushCommandMarshaller, org.apache.activemq.openwire.v3.RemoveInfoMarshaller, org.apache.activemq.openwire.v3.ReplayCommandMarshaller, org.apache.activemq.openwire.v3.ConsumerIdMarshaller, org.apache.activemq.openwire.v3.MessageIdMarshaller, org.apache.activemq.openwire.v3.XATransactionIdMarshaller, org.apache.activemq.openwire.v3.SessionIdMarshaller, org.apache.activemq.openwire.v3.ProducerIdMarshaller, org.apache.activemq.openwire.v3.ConsumerInfoMarshaller, org.apache.activemq.openwire.v3.LocalTransactionIdMarshaller, org.apache.activemq.openwire.v3.ConnectionControlMarshaller, org.apache.activemq.openwire.v3.ActiveMQTempTopicMarshaller, org.apache.activemq.openwire.v3.ActiveMQBlobMessageMarshaller, org.apache.activemq.openwire.v3.IntegerResponseMarshaller, org.apache.activemq.openwire.v3.ControlCommandMarshaller, org.apache.activemq.openwire.v3.ActiveMQStreamMessageMarshaller, org.apache.activemq.openwire.v3.NetworkBridgeFilterMarshaller, org.apache.activemq.openwire.v3.PartialCommandMarshaller, org.apache.activemq.openwire.v3.ActiveMQQueueMarshaller, org.apache.activemq.openwire.v3.RemoveSubscriptionInfoMarshaller, org.apache.activemq.openwire.v3.MessagePullMarshaller, org.apache.activemq.openwire.v3.JournalTopicAckMarshaller, org.apache.activemq.openwire.v3.DestinationInfoMarshaller, org.apache.activemq.openwire.v3.BaseDataStreamMarshaller, org.apache.activemq.openwire.v3.DiscoveryEventMarshaller, org.apache.activemq.openwire.v3.ResponseMarshaller, org.apache.activemq.openwire.v3.LastPartialCommandMarshaller, org.apache.activemq.openwire.v3.DataArrayResponseMarshaller, org.apache.activemq.openwire.v3.ActiveMQTopicMarshaller, org.apache.activemq.openwire.v3.TransactionInfoMarshaller, org.apache.activemq.openwire.v3.ProducerAckMarshaller, org.apache.activemq.openwire.v3.ConsumerControlMarshaller, org.apache.activemq.openwire.v3.DataResponseMarshaller, org.apache.activemq.openwire.v3.MessageDispatchNotificationMarshaller, org.apache.activemq.openwire.v3.ActiveMQTempQueueMarshaller, org.apache.activemq.openwire.v3.MessageDispatchMarshaller, org.apache.activemq.openwire.v3.MessageMarshaller, org.apache.activemq.openwire.v3.SubscriptionInfoMarshaller, org.apache.activemq.openwire.v3.ConnectionIdMarshaller, org.apache.activemq.openwire.v3.JournalTransactionMarshaller, org.apache.activemq.openwire.v10.SessionInfoMarshaller, org.apache.activemq.openwire.v10.BrokerInfoMarshaller, org.apache.activemq.openwire.v10.MessageAckMarshaller, org.apache.activemq.openwire.v10.ExceptionResponseMarshaller, org.apache.activemq.openwire.v10.BrokerIdMarshaller, org.apache.activemq.openwire.v10.KeepAliveInfoMarshaller, org.apache.activemq.openwire.v10.ConnectionInfoMarshaller, org.apache.activemq.openwire.v10.ConnectionErrorMarshaller, org.apache.activemq.openwire.v10.JournalQueueAckMarshaller, org.apache.activemq.openwire.v10.ShutdownInfoMarshaller, org.apache.activemq.openwire.v10.JournalTraceMarshaller, org.apache.activemq.openwire.v10.WireFormatInfoMarshaller, org.apache.activemq.openwire.v10.ProducerInfoMarshaller, org.apache.activemq.openwire.v10.FlushCommandMarshaller, org.apache.activemq.openwire.v10.RemoveInfoMarshaller, org.apache.activemq.openwire.v10.ReplayCommandMarshaller, org.apache.activemq.openwire.v10.ConsumerIdMarshaller, org.apache.activemq.openwire.v10.MessageIdMarshaller, org.apache.activemq.openwire.v10.XATransactionIdMarshaller, org.apache.activemq.openwire.v10.SessionIdMarshaller, org.apache.activemq.openwire.v10.ProducerIdMarshaller, org.apache.activemq.openwire.v10.ConsumerInfoMarshaller, org.apache.activemq.openwire.v10.LocalTransactionIdMarshaller, org.apache.activemq.openwire.v10.ConnectionControlMarshaller, org.apache.activemq.openwire.v10.ActiveMQTempTopicMarshaller, org.apache.activemq.openwire.v10.ActiveMQBlobMessageMarshaller, org.apache.activemq.openwire.v10.IntegerResponseMarshaller, org.apache.activemq.openwire.v10.ControlCommandMarshaller, org.apache.activemq.openwire.v10.ActiveMQStreamMessageMarshaller, org.apache.activemq.openwire.v10.NetworkBridgeFilterMarshaller, org.apache.activemq.openwire.v10.PartialCommandMarshaller, org.apache.activemq.openwire.v10.ActiveMQQueueMarshaller, org.apache.activemq.openwire.v10.RemoveSubscriptionInfoMarshaller, org.apache.activemq.openwire.v10.MessagePullMarshaller, org.apache.activemq.openwire.v10.JournalTopicAckMarshaller, org.apache.activemq.openwire.v10.DestinationInfoMarshaller, org.apache.activemq.openwire.v10.BaseDataStreamMarshaller, org.apache.activemq.openwire.v10.DiscoveryEventMarshaller, org.apache.activemq.openwire.v10.ResponseMarshaller, org.apache.activemq.openwire.v10.LastPartialCommandMarshaller, org.apache.activemq.openwire.v10.DataArrayResponseMarshaller, org.apache.activemq.openwire.v10.ActiveMQTopicMarshaller, org.apache.activemq.openwire.v10.TransactionInfoMarshaller, org.apache.activemq.openwire.v10.ProducerAckMarshaller, org.apache.activemq.openwire.v10.ConsumerControlMarshaller, org.apache.activemq.openwire.v10.DataResponseMarshaller, org.apache.activemq.openwire.v10.MessageDispatchNotificationMarshaller, org.apache.activemq.openwire.v10.ActiveMQTempQueueMarshaller, org.apache.activemq.openwire.v10.MessageDispatchMarshaller, org.apache.activemq.openwire.v10.MessageMarshaller, org.apache.activemq.openwire.v10.SubscriptionInfoMarshaller, org.apache.activemq.openwire.v10.ConnectionIdMarshaller, org.apache.activemq.openwire.v10.JournalTransactionMarshaller, org.apache.activemq.openwire.OpenWireFormat, org.apache.activemq.command.MessageId, org.apache.activemq.filter.BooleanExpression, org.apache.activemq.broker.region.Region, org.apache.activemq.broker.EmptyBroker, org.apache.activemq.command.MessageDispatchNotification, org.apache.activemq.broker.MapTransportConnectionStateRegister, org.apache.activemq.state.ConnectionState, org.apache.activemq.broker.MutableBrokerFilter, org.apache.activemq.command.ProducerId, org.apache.activemq.broker.TransportConnection, org.apache.activemq.command.FlushCommand, org.apache.activemq.command.KeepAliveInfo, org.apache.activemq.broker.SingleTransportConnectionStateRegister, org.apache.activemq.broker.ErrorBroker, org.apache.activemq.broker.BrokerBroadcaster, org.apache.activemq.broker.TransportConnectionStateRegister, org.apache.activemq.broker.util.LoggingBrokerPlugin, org.apache.activemq.broker.util.UDPTraceBrokerPlugin, org.apache.activemq.command.JournalTrace, org.apache.activemq.command.DataStructure, org.apache.activemq.command.SessionId, org.apache.activemq.broker.region.PrefetchSubscription, org.apache.activemq.command.DestinationInfo, org.apache.activemq.TransactionContext, org.apache.activemq.command.Response, org.apache.activemq.command.DataArrayResponse, org.apache.activemq.command.LastPartialCommand, org.apache.activemq.command.PartialCommand, org.apache.activemq.command.IntegerResponse, org.apache.activemq.command.ConnectionId, org.apache.activemq.command.ReplayCommand, org.apache.activemq.command.TransactionInfo, org.apache.activemq.command.LocalTransactionId, org.apache.activemq.transport.logwriters.CustomLogWriter, org.apache.activemq.openwire.BooleanStream, org.apache.activemq.command.DiscoveryEvent, org.apache.activemq.command.TransactionId, org.apache.activemq.state.ConnectionStateTracker, org.apache.activemq.transport.amqp.AmqpProtocolConverter, org.apache.activemq.transport.stomp.ProtocolConverter, org.apache.activemq.command.MessageDispatch, org.apache.activemq.transport.mqtt.MQTTProtocolConverter, org.apache.activemq.command.NetworkBridgeFilter, org.apache.activemq.network.ForwardingBridge, org.apache.activemq.openwire.v6.ActiveMQDestinationMarshaller, org.apache.activemq.openwire.v6.SessionInfoMarshaller, org.apache.activemq.openwire.v6.BrokerInfoMarshaller, org.apache.activemq.openwire.v6.MessageAckMarshaller, 
114,org.apache.activemq.openwire.v6.ActiveMQTempDestinationMarshaller, org.apache.activemq.openwire.v6.TransactionIdMarshaller, org.apache.activemq.openwire.v1.DataStructureSupportMarshaller, org.apache.activemq.openwire.v1.ActiveMQTempDestinationMarshaller, org.apache.activemq.openwire.v1.TransactionIdMarshaller, org.apache.activemq.util.Callback, org.apache.activemq.openwire.v8.ActiveMQTempDestinationMarshaller, org.apache.activemq.openwire.v8.TransactionIdMarshaller, org.apache.activemq.openwire.v9.ActiveMQTempDestinationMarshaller, org.apache.activemq.ScheduledMessage, org.apache.activemq.openwire.v9.TransactionIdMarshaller, org.apache.activemq.openwire.v7.ActiveMQTempDestinationMarshaller, org.apache.activemq.openwire.v7.TransactionIdMarshaller, org.apache.activemq.openwire.v2.ActiveMQTempDestinationMarshaller, org.apache.activemq.openwire.v2.TransactionIdMarshaller, org.apache.activemq.transport.RequestTimedOutIOException, org.apache.activemq.management.JMSConnectionStatsImpl, org.apache.activemq.openwire.v5.ActiveMQTempDestinationMarshaller, org.apache.activemq.openwire.v5.TransactionIdMarshaller, org.apache.activemq.openwire.v4.ActiveMQDestinationMarshaller, org.apache.activemq.ActiveMQTopicSubscriber, org.apache.activemq.FifoMessageDispatchChannel, org.apache.activemq.openwire.v4.ActiveMQTempDestinationMarshaller, org.apache.activemq.openwire.v4.TransactionIdMarshaller, org.apache.activemq.transaction.LocalTransaction, org.apache.activemq.openwire.v3.ActiveMQTempDestinationMarshaller, org.apache.activemq.openwire.v3.TransactionIdMarshaller, org.apache.activemq.openwire.v10.ActiveMQDestinationMarshaller, org.apache.activemq.openwire.v10.ActiveMQMessageMarshaller, org.apache.activemq.openwire.v10.ActiveMQTempDestinationMarshaller, org.apache.activemq.openwire.v10.TransactionIdMarshaller, org.apache.activemq.filter.SimpleDestinationFilter, org.apache.activemq.filter.CompositeDestinationFilter, org.apache.activemq.filter.XPathExpression, org.apache.activemq.filter.WildcardDestinationFilter, org.apache.activemq.filter.PrefixDestinationFilter, org.apache.activemq.advisory.ConsumerEvent, org.apache.activemq.advisory.ProducerStoppedEvent, org.apache.activemq.advisory.ProducerStartedEvent, org.apache.activemq.advisory.ConsumerStoppedEvent, org.apache.activemq.advisory.ConsumerStartedEvent, org.apache.activemq.advisory.ProducerEventSource, org.apache.activemq.advisory.ProducerEvent, org.apache.activemq.pool.PooledConnectionFactory, org.apache.activemq.ActiveMQTopicPublisher, org.apache.activemq.broker.jmx.BrokerMBeanSupport, org.apache.activemq.store.journal.JournalTransactionStore, org.apache.activemq.store.kahadb.FilteredKahaDBPersistenceAdapter, org.apache.activemq.store.kahadb.disk.journal.DataFileAccessor, org.apache.activemq.store.kahadb.disk.journal.FileAppender, org.apache.activemq.store.kahadb.disk.journal.ReplicationTarget, org.apache.activemq.store.kahadb.disk.util.DataByteArrayInputStream, org.apache.activemq.leveldb.QueueEntryRecord$, org.apache.activemq.store.jdbc.JDBCMessageIdScanListener, org.apache.activemq.store.jdbc.JDBCMessageRecoveryListener, org.apache.activemq.ActiveMQConnectionConsumer, org.apache.activemq.leveldb.QueueEntryRecord, org.apache.activemq.ActiveMQQueueBrowser, org.apache.activemq.leveldb.MessageRecord$, org.apache.activemq.SimplePriorityMessageDispatchChannel, org.apache.activemq.leveldb.QueueRecord$, org.apache.activemq.leveldb.DelayableUOW, org.apache.activemq.leveldb.QueueRecord, org.apache.activemq.leveldb.MessageRecord, org.apache.activemq.leveldb.replicated.ReplicatedLevelDBStoreView, org.apache.activemq.filter.PropertyExpression, org.apache.activemq.broker.BrokerContextAware, org.apache.activemq.broker.TransportConnectionState, org.apache.activemq.broker.jmx.ProxyConnectorView, org.apache.activemq.util.IOExceptionHandler, org.apache.activemq.ActiveMQConnectionMetaData, org.apache.activemq.network.NetworkBridgeConfiguration, org.apache.activemq.transport.TransmitCallback, org.apache.activemq.state.ConsumerState, org.apache.activemq.state.SessionState, org.apache.activemq.state.TransactionState, org.apache.activemq.broker.util.TraceBrokerPathPlugin, org.apache.activemq.filter.DestinationPath, org.apache.activemq.ActiveMQXASession, org.apache.activemq.broker.jmx.ConnectionView, org.apache.activemq.broker.scheduler.JobSchedulerFacade, org.apache.activemq.broker.scheduler.CronParser, org.apache.activemq.usage.JobSchedulerUsage, org.apache.activemq.broker.scheduler.JobListener, org.apache.activemq.broker.region.QueueDispatchSelector, org.apache.activemq.filter.NoLocalExpression, org.apache.activemq.broker.region.NullMessageReference, org.apache.activemq.broker.region.group.SimpleMessageGroupMap, org.apache.activemq.broker.region.virtual.CompositeTopic, org.apache.activemq.broker.region.virtual.CompositeQueue, org.apache.activemq.transport.TransportServerFilter, org.apache.activemq.transport.TransportLoggerControl, org.apache.activemq.transport.reliable.ExceptionIfDroppedReplayStrategy, org.apache.activemq.transport.amqp.ResponseHandler, org.apache.activemq.ActiveMQQueueReceiver, org.apache.activemq.ActiveMQQueueSender, org.apache.activemq.transport.tcp.ResponseHolder, org.apache.activemq.transport.stomp.ResponseHandler, org.apache.activemq.transport.stomp.FrameTranslator, org.apache.activemq.transport.stomp.StompFrame, org.apache.activemq.transport.mqtt.MQTTSubscription, org.apache.activemq.transport.mqtt.ResponseHandler, org.apache.activemq.state.Tracked, org.apache.activemq.ActiveMQDispatcher, org.apache.activemq.util.LockFile, org.apache.activemq.util.ByteSequenceData, org.apache.activemq.util.StringToListOfActiveMQDestinationConverter, org.apache.activemq.MessageDispatchChannel, org.apache.activemq.security.AuthorizationMap, org.apache.activemq.network.DefaultNetworkBridgeFilterFactory, org.apache.activemq.blob.BlobDownloader, org.apache.activemq.camel.CamelTopic, org.apache.activemq.camel.converter.ActiveMQConverter, org.apache.activemq.camel.component.broker.BrokerComponent, 
